code_pra,ratio,valeur
01195,r1_sau_surf,0.5814718229674665
01198,r1_sau_surf,0.5407241296274478
01201,r1_sau_surf,0.48526275945975433
01215,r1_sau_surf,0.30030183616246875
01446,r1_sau_surf,0.6126666692102304
01449,r1_sau_surf,0.24682699700811986
01451,r1_sau_surf,0.3102699315287934
02034,r1_sau_surf,0.8052354027816299
02317,r1_sau_surf,0.6649294416876562
02323,r1_sau_surf,0.7432861303379539
02328,r1_sau_surf,0.5508532486400026
02329,r1_sau_surf,0.6026333119697737
02336,r1_sau_surf,0.627996522201528
03178,r1_sau_surf,0.67588360842652
03425,r1_sau_surf,0.5745872089858837
03426,r1_sau_surf,0.6633243438759455
03428,r1_sau_surf,0.671893930803847
03429,r1_sau_surf,0.6873533430552206
04233,r1_sau_surf,0.39835540410267883
04459,r1_sau_surf,0.48459818844159225
04460,r1_sau_surf,0.42134495691986856
04462,r1_sau_surf,0.43801893654142443
05235,r1_sau_surf,0.5748381448903601
11472,r1_sau_surf,0.38524736767315465
15167,r1_sau_surf,0.7412287169357706
15409,r1_sau_surf,0.5319337368261469
05463,r1_sau_surf,0.3403445642340281
06245,r1_sau_surf,0.18634569023784017
06249,r1_sau_surf,0.061125671075801115
06250,r1_sau_surf,0.2756004246965085
07171,r1_sau_surf,0.2592085180549882
07422,r1_sau_surf,0.21828471105789893
07425,r1_sau_surf,0.1955033682530957
07465,r1_sau_surf,0.1900749650656676
08021,r1_sau_surf,0.1889442342965361
08022,r1_sau_surf,0.6358098211628133
08315,r1_sau_surf,0.5833879839861458
08317,r1_sau_surf,0.8669227821005135
08323,r1_sau_surf,0.651390381325162
09390,r1_sau_surf,0.6874469852363735
09392,r1_sau_surf,0.6009515548588332
09393,r1_sau_surf,0.41869543450893093
09472,r1_sau_surf,0.5801845335734077
10011,r1_sau_surf,0.5339474074915372
10013,r1_sau_surf,0.7941093158496025
13468,r1_sau_surf,0.22591550657265239
14085,r1_sau_surf,0.7605494171285466
14353,r1_sau_surf,0.5596637262278145
14354,r1_sau_surf,0.6944669226358124
14355,r1_sau_surf,0.6831220708836246
16112,r1_sau_surf,0.5126154059969396
16113,r1_sau_surf,0.5971543800034586
16367,r1_sau_surf,0.7855209797203395
16377,r1_sau_surf,0.6363450727377215
16432,r1_sau_surf,0.5951567585233806
16438,r1_sau_surf,0.7872325275870479
17111,r1_sau_surf,0.6493919085948614
17369,r1_sau_surf,0.8622168408000073
18439,r1_sau_surf,0.6320326920301651
19408,r1_sau_surf,0.4058888340073002
19409,r1_sau_surf,0.38658025732900136
19421,r1_sau_surf,0.32277435138477845
19430,r1_sau_surf,0.33603677013832056
19432,r1_sau_surf,0.5181184370489487
19433,r1_sau_surf,0.27531359041768777
21010,r1_sau_surf,0.3665736354512286
22362,r1_sau_surf,0.6467280006463147
23428,r1_sau_surf,0.6991942990518513
23430,r1_sau_surf,0.32868243237947353
26234,r1_sau_surf,0.2929373285214333
26240,r1_sau_surf,0.4158382876129218
26463,r1_sau_surf,0.2646494136022306
26464,r1_sau_surf,0.29289741648653905
27044,r1_sau_surf,0.7580897744055746
26242,r1_sau_surf,0.4367031037364514
26243,r1_sau_surf,0.34089843914085277
26453,r1_sau_surf,0.3045887113472633
27052,r1_sau_surf,0.6049155610247092
27077,r1_sau_surf,0.6441966816641116
27078,r1_sau_surf,0.7208513379030803
27079,r1_sau_surf,0.6130770250841834
27080,r1_sau_surf,0.5761820186591309
27352,r1_sau_surf,0.5712128251326588
27353,r1_sau_surf,0.7622858350480077
28076,r1_sau_surf,0.7579670068007098
28334,r1_sau_surf,0.684421355012083
28341,r1_sau_surf,0.8781814939066278
28342,r1_sau_surf,0.8353539058233332
28351,r1_sau_surf,0.6458092643377245
27332,r1_sau_surf,0.26477780330115425
32388,r1_sau_surf,0.6015899904257517
33114,r1_sau_surf,0.49373967351134374
33121,r1_sau_surf,0.4519469397165093
33122,r1_sau_surf,0.23667062376891906
29103,r1_sau_surf,0.40807763329318825
29358,r1_sau_surf,0.6018886365785833
29360,r1_sau_surf,0.4439553402364117
29361,r1_sau_surf,0.5978530879874371
29362,r1_sau_surf,0.6249413764872996
29363,r1_sau_surf,0.5273770751226654
2A258,r1_sau_surf,0.313247269709404
2A259,r1_sau_surf,0.2547932568745494
2A260,r1_sau_surf,0.23801795609915682
2B258,r1_sau_surf,0.3489112332795417
2B259,r1_sau_surf,0.3633298195224437
2B260,r1_sau_surf,0.4040581027462105
30410,r1_sau_surf,0.11529151563191978
33128,r1_sau_surf,0.4851573928499314
30416,r1_sau_surf,0.2816566404543065
32383,r1_sau_surf,0.6931692494207018
33118,r1_sau_surf,0.5214377974725367
33119,r1_sau_surf,0.32971148867791694
27051,r1_sau_surf,0.6310932251014907
33137,r1_sau_surf,0.07682774579251454
33376,r1_sau_surf,0.1957927111273802
33378,r1_sau_surf,0.07354553488685507
34412,r1_sau_surf,0.1973867959246898
34414,r1_sau_surf,0.7723323844313432
34415,r1_sau_surf,0.2927219541019785
34416,r1_sau_surf,0.30757370994883654
34470,r1_sau_surf,0.3346716113817644
34471,r1_sau_surf,0.4166697907484115
35097,r1_sau_surf,0.6278280698846237
41435,r1_sau_surf,0.4284804582435734
42168,r1_sau_surf,0.2971651920742619
42170,r1_sau_surf,0.3212838122001273
42189,r1_sau_surf,0.6632915559678844
42190,r1_sau_surf,0.7044187916924209
37344,r1_sau_surf,0.33074617678471924
37346,r1_sau_surf,0.5388293612313454
37348,r1_sau_surf,0.6570671487338446
37435,r1_sau_surf,0.6009581396971847
38199,r1_sau_surf,0.4925962065724589
38217,r1_sau_surf,0.26974898234020706
38453,r1_sau_surf,0.29349462330791115
38457,r1_sau_surf,0.3664800573672347
38465,r1_sau_surf,0.41519202465869737
39207,r1_sau_surf,0.421125160109413
40133,r1_sau_surf,0.34232461816293625
47398,r1_sau_surf,0.6981512424395776
47399,r1_sau_surf,0.5700160184405634
47400,r1_sau_surf,0.49496405658528364
40378,r1_sau_surf,0.1365614014625351
58185,r1_sau_surf,0.5576176567068043
58188,r1_sau_surf,0.5611501690279012
40382,r1_sau_surf,0.5212604942493606
40387,r1_sau_surf,0.6340479821403207
40388,r1_sau_surf,0.4265409611086142
64140,r1_sau_surf,0.6419061232987705
64141,r1_sau_surf,0.5004991426917652
64142,r1_sau_surf,0.496378173737973
42192,r1_sau_surf,0.376556780776456
44104,r1_sau_surf,0.6876702776846813
44105,r1_sau_surf,0.615345199122528
44106,r1_sau_surf,0.5419582502296907
44108,r1_sau_surf,0.571844304747811
44356,r1_sau_surf,0.66272573126394
44363,r1_sau_surf,0.6282448486541548
44364,r1_sau_surf,0.3644290157055034
44373,r1_sau_surf,0.6207140455828898
45063,r1_sau_surf,0.2664702205089257
45067,r1_sau_surf,0.42549402148795246
45342,r1_sau_surf,0.8759931151101623
45343,r1_sau_surf,0.18481039611730576
46159,r1_sau_surf,0.3124135767539792
46160,r1_sau_surf,0.40659019644450917
46394,r1_sau_surf,0.5004327942665547
46396,r1_sau_surf,0.5068745063497905
46407,r1_sau_surf,0.3119836407542591
46408,r1_sau_surf,0.5947056159470552
46409,r1_sau_surf,0.4923968154382862
47156,r1_sau_surf,0.6510520864512385
47157,r1_sau_surf,0.4597641892465099
47378,r1_sau_surf,0.08842342368291908
27351,r1_sau_surf,0.8130449866415269
48410,r1_sau_surf,0.29383857283027226
48411,r1_sau_surf,0.6171423739530961
48418,r1_sau_surf,0.666650007200678
48419,r1_sau_surf,0.8872568377804926
49344,r1_sau_surf,0.47170179131535583
49345,r1_sau_surf,0.4879453941641135
49347,r1_sau_surf,0.5864589476641294
49356,r1_sau_surf,0.6827593056704013
49373,r1_sau_surf,0.7046574073636603
50082,r1_sau_surf,0.5875191984400233
50084,r1_sau_surf,0.7911453370995055
50086,r1_sau_surf,0.6896081926261242
50087,r1_sau_surf,0.7220131777375773
50354,r1_sau_surf,0.7247872811696884
51016,r1_sau_surf,0.751422762530724
51017,r1_sau_surf,0.5088828825697147
51018,r1_sau_surf,0.688298599556602
51315,r1_sau_surf,0.39032615241110646
51317,r1_sau_surf,0.8031708773079161
51318,r1_sau_surf,0.6745233029605977
51321,r1_sau_surf,0.5095736693072385
51335,r1_sau_surf,0.6359217096553975
51336,r1_sau_surf,0.5852680531876543
68301,r1_sau_surf,0.45334853609017167
52310,r1_sau_surf,0.7012521407863693
68303,r1_sau_surf,0.5230947811157558
52322,r1_sau_surf,0.5561441046265062
53095,r1_sau_surf,0.7371524216723739
53096,r1_sau_surf,0.6460966471424654
53356,r1_sau_surf,0.7857212304441976
53357,r1_sau_surf,0.7413176585157706
54305,r1_sau_surf,0.41616889717698846
54306,r1_sau_surf,0.564479005255676
54316,r1_sau_surf,0.721493931080704
55308,r1_sau_surf,0.6473614523595431
55314,r1_sau_surf,0.5129178274102478
55315,r1_sau_surf,0.5909786182864606
55316,r1_sau_surf,0.5940507435949569
56359,r1_sau_surf,0.6315623837562652
56362,r1_sau_surf,0.605550584059569
58443,r1_sau_surf,0.4607208446662796
59025,r1_sau_surf,0.7917419154645969
59026,r1_sau_surf,0.40401967011743223
59028,r1_sau_surf,0.3977655348833631
59033,r1_sau_surf,0.6493460840803889
59323,r1_sau_surf,0.6071636360281477
59324,r1_sau_surf,0.6245072185648873
59325,r1_sau_surf,0.5330179184831744
59326,r1_sau_surf,0.7708292893640324
60041,r1_sau_surf,0.7081395679516411
60042,r1_sau_surf,0.43762778974249184
60043,r1_sau_surf,0.5899587090144031
60327,r1_sau_surf,0.783526697058844
60329,r1_sau_surf,0.5208739781717499
60330,r1_sau_surf,0.7365225128359845
60331,r1_sau_surf,0.6936718336839031
61351,r1_sau_surf,0.6424789545249925
62032,r1_sau_surf,0.8168944348118657
62039,r1_sau_surf,0.751091252772941
70448,r1_sau_surf,0.3946086224515055
71443,r1_sau_surf,0.43995732086525136
71444,r1_sau_surf,0.4670800892619982
71446,r1_sau_surf,0.5759315537432612
72089,r1_sau_surf,0.47393678406672873
63425,r1_sau_surf,0.2547340336870887
63426,r1_sau_surf,0.6820422083290877
63427,r1_sau_surf,0.6327210643100774
63428,r1_sau_surf,0.6170320656684624
64379,r1_sau_surf,0.5344919502209239
64380,r1_sau_surf,0.4583674868734051
64381,r1_sau_surf,0.6378418578237448
64382,r1_sau_surf,0.6223119791756108
65146,r1_sau_surf,0.5871456313682336
65148,r1_sau_surf,0.5303477259698731
65150,r1_sau_surf,0.5363498572335654
72091,r1_sau_surf,0.6139491356373336
66252,r1_sau_surf,0.28610994116800315
66253,r1_sau_surf,0.2746878676125802
72350,r1_sau_surf,0.5257141969951571
72351,r1_sau_surf,0.6448203523682446
72354,r1_sau_surf,0.7235914186301132
67301,r1_sau_surf,0.46917979969650775
67302,r1_sau_surf,0.5002285068144945
67304,r1_sau_surf,0.5286260855042026
67307,r1_sau_surf,0.12886689772026946
67473,r1_sau_surf,0.5599737962943545
68001,r1_sau_surf,0.49242909399556734
69200,r1_sau_surf,0.22652046198897327
69444,r1_sau_surf,0.452746379218862
69445,r1_sau_surf,0.4884127789552042
73219,r1_sau_surf,0.3134631359692551
73229,r1_sau_surf,0.34844695130458425
73451,r1_sau_surf,0.3810704415611456
74458,r1_sau_surf,0.15285929229090706
76046,r1_sau_surf,0.6776349097391121
76047,r1_sau_surf,0.6620398495479155
76048,r1_sau_surf,0.695372013237766
76049,r1_sau_surf,0.5369515169390499
76331,r1_sau_surf,0.6820115882654441
76332,r1_sau_surf,0.2811152531613234
73458,r1_sau_surf,0.3717304638067066
74218,r1_sau_surf,0.2106257428318543
74222,r1_sau_surf,0.3230313197121849
74223,r1_sau_surf,0.25649626422089167
74224,r1_sau_surf,0.3080659434777823
74226,r1_sau_surf,0.28440239865129396
74227,r1_sau_surf,0.33404531432469947
77057,r1_sau_surf,0.3391524233861806
77058,r1_sau_surf,0.8232153629631966
77061,r1_sau_surf,0.4963462533664274
77062,r1_sau_surf,0.41893268390892846
77064,r1_sau_surf,0.24756298264062662
77320,r1_sau_surf,0.6034212385541076
77329,r1_sau_surf,0.6956206774177566
77336,r1_sau_surf,0.7476053875686062
78334,r1_sau_surf,0.7367381272804855
79371,r1_sau_surf,0.7415471434895565
79373,r1_sau_surf,0.7601060554443143
80035,r1_sau_surf,0.8220254722002311
80036,r1_sau_surf,0.7514787667371288
80038,r1_sau_surf,0.7404166423255097
81153,r1_sau_surf,0.5867296003684739
81391,r1_sau_surf,0.7263562671073018
81395,r1_sau_surf,0.3628944538991644
81409,r1_sau_surf,0.5792262690512627
81412,r1_sau_surf,0.37282894006574546
81413,r1_sau_surf,0.28568591428434736
83248,r1_sau_surf,0.08548850806406504
83460,r1_sau_surf,0.40896106423451056
83468,r1_sau_surf,0.2351260921057716
83469,r1_sau_surf,0.09898122739352996
84238,r1_sau_surf,0.29136306991871086
37072,r1_sau_surf,0.28155274297762684
82155,r1_sau_surf,0.5672786899884446
69197,r1_sau_surf,0.45314546179842985
82390,r1_sau_surf,0.5230983391368822
82391,r1_sau_surf,0.5446828120615027
82395,r1_sau_surf,0.43144123398856493
86372,r1_sau_surf,0.7336621196606999
86438,r1_sau_surf,0.6486853054867687
87430,r1_sau_surf,0.3572577908039892
87431,r1_sau_surf,0.696349342083928
87432,r1_sau_surf,0.46772086993865697
70447,r1_sau_surf,0.5376315388591134
95332,r1_sau_surf,0.6231939367108167
95333,r1_sau_surf,0.19056233373179252
84464,r1_sau_surf,0.492173729012914
84467,r1_sau_surf,0.3677861798803281
86348,r1_sau_surf,0.6181122587669126
88306,r1_sau_surf,0.5008850659948714
88307,r1_sau_surf,0.1709950059448457
88309,r1_sau_surf,0.430003446926286
88310,r1_sau_surf,0.6200601833105465
89186,r1_sau_surf,0.5661127982664114
89319,r1_sau_surf,0.6144992567073587
89320,r1_sau_surf,0.5881438763351078
16375,r1_sau_surf,0.9057340066666717
17374,r1_sau_surf,0.684088086896488
17375,r1_sau_surf,0.7220688331827692
17376,r1_sau_surf,0.22777102851117792
17377,r1_sau_surf,0.590330386287473
18066,r1_sau_surf,0.5436968503039145
18179,r1_sau_surf,0.6591679835012537
18343,r1_sau_surf,0.21317702441846664
18434,r1_sau_surf,0.6757322643464196
18436,r1_sau_surf,0.7051050895899879
19394,r1_sau_surf,0.20714355397313672
91055,r1_sau_surf,0.41373079845798716
91342,r1_sau_surf,0.7577850402368694
95330,r1_sau_surf,0.6502342709692494
01216,r1_sau_surf,0.43435759106088717
04466,r1_sau_surf,0.38521421171654263
05231,r1_sau_surf,0.728808557293069
05457,r1_sau_surf,0.49449080448446203
05459,r1_sau_surf,0.42434608130364143
19403,r1_sau_surf,0.5764721135718663
05232,r1_sau_surf,0.6213397269078514
10317,r1_sau_surf,0.8355401484412208
10318,r1_sau_surf,0.5295314081645904
10319,r1_sau_surf,0.5782231006965078
05236,r1_sau_surf,0.7410796934704068
15164,r1_sau_surf,0.3906620789782842
15417,r1_sau_surf,0.7597040693798119
15418,r1_sau_surf,0.5940067131697755
05237,r1_sau_surf,0.5837255324367521
05239,r1_sau_surf,0.4654211745031613
05461,r1_sau_surf,0.36541227459706627
07169,r1_sau_surf,0.6544752170257264
07423,r1_sau_surf,0.552029119860628
07424,r1_sau_surf,0.5960454939557949
10014,r1_sau_surf,0.6778856076107397
10015,r1_sau_surf,0.58846433937289
10019,r1_sau_surf,0.5323562519186268
10020,r1_sau_surf,0.5665904788970781
10335,r1_sau_surf,0.7980959401184187
11391,r1_sau_surf,0.6738555810940096
11392,r1_sau_surf,0.6074672346557819
11413,r1_sau_surf,0.2734611764746998
11470,r1_sau_surf,0.32056996318324776
11471,r1_sau_surf,0.3915671795281817
12161,r1_sau_surf,0.5506833832762621
12162,r1_sau_surf,0.7672172794670389
12397,r1_sau_surf,0.5270127709132111
12407,r1_sau_surf,0.49339662762870024
12409,r1_sau_surf,0.6632323712895873
12411,r1_sau_surf,0.6074242419434199
12412,r1_sau_surf,0.46591718024167206
12419,r1_sau_surf,0.6880269324743215
13244,r1_sau_surf,0.5118965705797326
13246,r1_sau_surf,0.4721617237790886
13466,r1_sau_surf,0.33228737684863857
13467,r1_sau_surf,0.33501818619050105
13469,r1_sau_surf,0.09093356276787504
15163,r1_sau_surf,0.6582398671152325
15419,r1_sau_surf,0.669749103025407
15420,r1_sau_surf,0.6756204979692089
15421,r1_sau_surf,0.44748957701438064
15433,r1_sau_surf,0.45455955105351464
19420,r1_sau_surf,0.45207140702019755
21204,r1_sau_surf,0.509153361591154
21311,r1_sau_surf,0.44778194038180413
16371,r1_sau_surf,0.8577651831994211
16372,r1_sau_surf,0.7751411299554329
21312,r1_sau_surf,0.6523649653369078
18437,r1_sau_surf,0.7454102313355705
21322,r1_sau_surf,0.5871032189208921
21440,r1_sau_surf,0.5834340733297441
21441,r1_sau_surf,0.3876232888561187
21442,r1_sau_surf,0.662709109462954
21443,r1_sau_surf,0.46894763998382843
22358,r1_sau_surf,0.5269749858480632
22359,r1_sau_surf,0.6430391170237185
22360,r1_sau_surf,0.6394201440681931
22361,r1_sau_surf,0.5689815284155217
23431,r1_sau_surf,0.5759903628072828
23432,r1_sau_surf,0.39779452495877715
23437,r1_sau_surf,0.7156609428856926
24158,r1_sau_surf,0.47582055543020013
24394,r1_sau_surf,0.3549210144102389
24401,r1_sau_surf,0.4204125391996628
24403,r1_sau_surf,0.27357594243888167
24404,r1_sau_surf,0.23991430880751535
24405,r1_sau_surf,0.19085513124973738
24406,r1_sau_surf,0.2350722976938847
24432,r1_sau_surf,0.4124673544399254
25447,r1_sau_surf,0.35731721818096895
25449,r1_sau_surf,0.3504902351606304
25450,r1_sau_surf,0.4583162293454192
25452,r1_sau_surf,0.5124556643318862
26221,r1_sau_surf,0.25091740176152005
26461,r1_sau_surf,0.6209107997354281
26241,r1_sau_surf,0.5016796827232304
27050,r1_sau_surf,0.5484460304171236
27330,r1_sau_surf,0.7371747898992339
29100,r1_sau_surf,0.4239851500293648
33120,r1_sau_surf,0.5589916058561384
29101,r1_sau_surf,0.23602148200460635
33123,r1_sau_surf,0.5269891087324899
29102,r1_sau_surf,0.19381062730859255
30411,r1_sau_surf,0.46608777349120784
33127,r1_sau_surf,0.6243176289435859
30414,r1_sau_surf,0.6817947507727407
30415,r1_sau_surf,0.38745861348975286
30422,r1_sau_surf,0.3118681080630537
30465,r1_sau_surf,0.35189182340168507
30471,r1_sau_surf,0.5025784571230103
31385,r1_sau_surf,0.6236873702052446
31389,r1_sau_surf,0.622520705110432
31390,r1_sau_surf,0.4509597820156249
31391,r1_sau_surf,0.6463523441644089
31392,r1_sau_surf,0.6204347228369343
31393,r1_sau_surf,0.44405552251521213
31472,r1_sau_surf,0.45268203005347213
32147,r1_sau_surf,0.7403237300471888
32149,r1_sau_surf,0.7297841565438304
32384,r1_sau_surf,0.8438498655391344
32385,r1_sau_surf,0.7864901442800578
32386,r1_sau_surf,0.9435410477473068
32387,r1_sau_surf,0.6898768209440481
33115,r1_sau_surf,0.4893174891168437
33116,r1_sau_surf,0.6820368268691601
33117,r1_sau_surf,0.3684904700227209
33124,r1_sau_surf,0.5153580139096092
33405,r1_sau_surf,0.19401613588404037
33125,r1_sau_surf,0.6170645966752337
41341,r1_sau_surf,0.7990011932460865
41343,r1_sau_surf,0.09630696917294902
41346,r1_sau_surf,0.7793377131038228
41350,r1_sau_surf,0.6293154411132518
41351,r1_sau_surf,0.7762380448059893
33126,r1_sau_surf,0.10612545535306656
33129,r1_sau_surf,0.33635826071827196
33135,r1_sau_surf,0.04724379015261503
33136,r1_sau_surf,0.24629275575951243
33400,r1_sau_surf,0.4923116318721844
33401,r1_sau_surf,0.584386363149651
33402,r1_sau_surf,0.6067838082203334
33406,r1_sau_surf,0.3299564300230013
35098,r1_sau_surf,0.7513248284724472
35099,r1_sau_surf,0.8450221436873478
35357,r1_sau_surf,0.7280873462131566
35358,r1_sau_surf,0.5666384654872252
35359,r1_sau_surf,0.6843463829993327
35363,r1_sau_surf,0.6031759458467297
36434,r1_sau_surf,0.7692778696562034
36435,r1_sau_surf,0.6712997457597514
36436,r1_sau_surf,0.6811706603505421
36438,r1_sau_surf,0.5041894349692949
37069,r1_sau_surf,0.5830126894115583
37070,r1_sau_surf,0.5986214253790398
41434,r1_sau_surf,0.6228342166179521
37071,r1_sau_surf,0.46715224807289085
37073,r1_sau_surf,0.39282961886618983
73213,r1_sau_surf,0.18125009677040327
37074,r1_sau_surf,0.5470140570492441
43417,r1_sau_surf,0.5194177282004617
43418,r1_sau_surf,0.4991252659043076
43423,r1_sau_surf,0.5947619896527779
43424,r1_sau_surf,0.6372861273929735
43425,r1_sau_surf,0.35003433591524974
39203,r1_sau_surf,0.328232334618516
39206,r1_sau_surf,0.6977298771929105
39209,r1_sau_surf,0.4735464555457901
39212,r1_sau_surf,0.4699057757054715
39446,r1_sau_surf,0.505445154162977
39447,r1_sau_surf,0.4005128448018881
39449,r1_sau_surf,0.21684853575644142
39451,r1_sau_surf,0.41324255198545423
39452,r1_sau_surf,0.3374722575735339
40130,r1_sau_surf,0.03553706386379061
40131,r1_sau_surf,0.05630259355356894
47394,r1_sau_surf,0.5730119787730791
40132,r1_sau_surf,0.1223279354873215
40134,r1_sau_surf,0.07335875107051995
40144,r1_sau_surf,0.1938112807162522
47401,r1_sau_surf,0.7556152719090009
40145,r1_sau_surf,0.3059882540915518
40379,r1_sau_surf,0.5080936787638648
40380,r1_sau_surf,0.46931475200346423
41065,r1_sau_surf,0.40564863662083994
41068,r1_sau_surf,0.39137101380823275
41075,r1_sau_surf,0.7305143916561493
42191,r1_sau_surf,0.4429456439896322
42193,r1_sau_surf,0.5489611221990132
42425,r1_sau_surf,0.3937817009861677
42445,r1_sau_surf,0.6527560615602229
42465,r1_sau_surf,0.2529518351271075
43172,r1_sau_surf,0.46624903664111
43177,r1_sau_surf,0.4824937259315749
43427,r1_sau_surf,0.5985597058072628
44107,r1_sau_surf,0.143700681785113
44365,r1_sau_surf,0.5935408053507873
44368,r1_sau_surf,0.7434229272417046
45338,r1_sau_surf,0.5978518491523211
45339,r1_sau_surf,0.8567629005405148
45340,r1_sau_surf,0.49376610565903667
66254,r1_sau_surf,0.2439849929182188
66255,r1_sau_surf,0.5279667253237582
66256,r1_sau_surf,0.7337768261790633
45341,r1_sau_surf,0.8798754094763404
45439,r1_sau_surf,0.596755972595905
47402,r1_sau_surf,0.6308672264697521
47404,r1_sau_surf,0.17383425412113793
50081,r1_sau_surf,0.6275806879697824
50083,r1_sau_surf,0.5913468303093316
52008,r1_sau_surf,0.4804512752948183
68002,r1_sau_surf,0.24688557146326462
52009,r1_sau_surf,0.5161067190230916
52012,r1_sau_surf,0.5218483192797541
52311,r1_sau_surf,0.5232763654155451
52312,r1_sau_surf,0.6353241259026242
52314,r1_sau_surf,0.4902276847752085
52318,r1_sau_surf,0.6151172392248122
68302,r1_sau_surf,0.7837646473687082
68304,r1_sau_surf,0.3362288808236123
68307,r1_sau_surf,0.18642231287664485
52321,r1_sau_surf,0.34979210670669897
54307,r1_sau_surf,0.16019974852371735
54308,r1_sau_surf,0.6186929594730058
54313,r1_sau_surf,0.3923951764128436
56363,r1_sau_surf,0.503979854840971
56364,r1_sau_surf,0.3937597450060354
57003,r1_sau_surf,0.22008149899561927
57004,r1_sau_surf,0.3630433873157465
57306,r1_sau_surf,0.6478632332981002
57307,r1_sau_surf,0.15680619692600894
57308,r1_sau_surf,0.38264508486625204
57473,r1_sau_surf,0.5834805077735566
58180,r1_sau_surf,0.6524857975858945
58340,r1_sau_surf,0.5664339235289262
58429,r1_sau_surf,0.5856104492796604
59027,r1_sau_surf,0.6416150562420269
60328,r1_sau_surf,0.2780436162875169
61088,r1_sau_surf,0.7898444244513305
61352,r1_sau_surf,0.629741993658758
61353,r1_sau_surf,0.6810869639344905
61354,r1_sau_surf,0.6633475341806516
61355,r1_sau_surf,0.6859175934153761
62023,r1_sau_surf,0.678380890092666
62024,r1_sau_surf,0.688428930566028
62029,r1_sau_surf,0.5549718766051136
62030,r1_sau_surf,0.7456105741685622
69465,r1_sau_surf,0.3623198722860413
70005,r1_sau_surf,0.3890193480549308
70006,r1_sau_surf,0.1551823155797297
70007,r1_sau_surf,0.5186695111615961
70205,r1_sau_surf,0.530072431928744
62031,r1_sau_surf,0.502531053382652
62040,r1_sau_surf,0.39017506900364785
62324,r1_sau_surf,0.7390596944405994
62325,r1_sau_surf,0.6340172698361966
62326,r1_sau_surf,0.6824332655209437
63165,r1_sau_surf,0.5215769631596768
63166,r1_sau_surf,0.626932768712018
63173,r1_sau_surf,0.34361428380564213
63174,r1_sau_surf,0.34642747077874775
63175,r1_sau_surf,0.37513521946862355
63176,r1_sau_surf,0.47203541204421967
63181,r1_sau_surf,0.5364993509512826
71429,r1_sau_surf,0.7418573779651791
71440,r1_sau_surf,0.5174605614368047
71441,r1_sau_surf,0.5854427748461762
71442,r1_sau_surf,0.6071855988409764
63417,r1_sau_surf,0.9345560215800827
63421,r1_sau_surf,0.5344295277568497
64138,r1_sau_surf,0.19579865937898333
64139,r1_sau_surf,0.6347517505424006
64143,r1_sau_surf,0.4744386817393581
64386,r1_sau_surf,0.6494179461972933
65381,r1_sau_surf,0.7016860271367179
65383,r1_sau_surf,0.6763614966356153
72090,r1_sau_surf,0.4842816436023615
72092,r1_sau_surf,0.7849526495651707
72093,r1_sau_surf,0.6914282766857937
65386,r1_sau_surf,0.6257657350646085
65387,r1_sau_surf,0.8547338140323308
65389,r1_sau_surf,0.5770174788657519
66257,r1_sau_surf,1.174152468849736
72345,r1_sau_surf,0.5894801173092415
66470,r1_sau_surf,0.2280046845465226
66472,r1_sau_surf,0.3871252748203277
68450,r1_sau_surf,0.4188713032960014
69194,r1_sau_surf,0.44121245039241425
69195,r1_sau_surf,0.406401407804607
69196,r1_sau_surf,0.08515198041183537
69199,r1_sau_surf,0.4443389513919808
70307,r1_sau_surf,0.16289233708999556
70309,r1_sau_surf,0.37000748541649237
71183,r1_sau_surf,0.7702380133727409
71184,r1_sau_surf,0.6092296485807938
71187,r1_sau_surf,0.6828038271369925
71202,r1_sau_surf,0.6215895597501271
72094,r1_sau_surf,0.8835163766580983
72355,r1_sau_surf,0.7215062624160289
73453,r1_sau_surf,0.3311999343104983
73220,r1_sau_surf,0.20629446005456603
73230,r1_sau_surf,0.5150000358358997
73454,r1_sau_surf,0.3137804574061635
73455,r1_sau_surf,0.4610323710420937
74456,r1_sau_surf,0.3600493918325436
73456,r1_sau_surf,0.2848079970939738
74208,r1_sau_surf,0.45541441050069087
74210,r1_sau_surf,0.34365659007518035
74211,r1_sau_surf,0.5237058810989357
74214,r1_sau_surf,0.2780547052445436
74225,r1_sau_surf,0.4218972581563714
78055,r1_sau_surf,0.37169734710380237
74228,r1_sau_surf,0.4434064401315596
74454,r1_sau_surf,0.34090592118978974
74455,r1_sau_surf,0.5260226625620104
77045,r1_sau_surf,0.8066602950536031
78342,r1_sau_surf,0.9343372014465895
79109,r1_sau_surf,0.7780308308693952
79349,r1_sau_surf,0.7201511164439688
79366,r1_sau_surf,0.7599495246184703
79367,r1_sau_surf,0.7962888250265319
79368,r1_sau_surf,0.7504869906311804
77056,r1_sau_surf,0.7634164427168207
78330,r1_sau_surf,0.542925107780434
78332,r1_sau_surf,0.30059825232982856
77059,r1_sau_surf,0.644678525262176
77060,r1_sau_surf,0.8339314794463688
77335,r1_sau_surf,0.8309879536893611
77337,r1_sau_surf,0.6096902002177117
77338,r1_sau_surf,0.6852408696915698
77339,r1_sau_surf,0.8168326543853514
78053,r1_sau_surf,0.44354019224607216
78054,r1_sau_surf,0.3134833885453974
78333,r1_sau_surf,0.08398148641157671
79370,r1_sau_surf,0.7399515803366002
82398,r1_sau_surf,0.7442560689681934
80037,r1_sau_surf,0.6260830010920743
80327,r1_sau_surf,0.7336835400358102
81151,r1_sau_surf,0.5730231947455359
81152,r1_sau_surf,0.6555997511177539
82154,r1_sau_surf,0.5228079737981055
82384,r1_sau_surf,0.7569595868535309
85370,r1_sau_surf,0.8404376267531668
85371,r1_sau_surf,0.799946025550661
85373,r1_sau_surf,0.7472882781644925
86182,r1_sau_surf,0.7966844688635129
82385,r1_sau_surf,0.7702905379395967
82396,r1_sau_surf,0.6280620293844951
82397,r1_sau_surf,0.6078819588854234
82399,r1_sau_surf,0.6506537013079947
83247,r1_sau_surf,0.12196045170827109
84462,r1_sau_surf,0.45517550405739926
84463,r1_sau_surf,0.2097914437164102
84466,r1_sau_surf,0.36210927336273774
85110,r1_sau_surf,0.7612391040168666
85365,r1_sau_surf,0.46625876520059417
85366,r1_sau_surf,0.7123164731744374
85368,r1_sau_surf,0.6775992664518217
85369,r1_sau_surf,0.8299761789294252
86347,r1_sau_surf,0.6038283459457562
86349,r1_sau_surf,0.8501544635564298
86368,r1_sau_surf,0.7049709198148796
88305,r1_sau_surf,0.6929012317482343
88313,r1_sau_surf,0.5029947718465444
88314,r1_sau_surf,0.39547781509462127
89317,r1_sau_surf,0.7665919782656088
89322,r1_sau_surf,0.5182658821476299
89338,r1_sau_surf,0.6364500061419305
89340,r1_sau_surf,0.5739468630587393
89442,r1_sau_surf,0.6957073291218734
89443,r1_sau_surf,0.511997897242885
90303,r1_sau_surf,0.4586105855798718
90307,r1_sau_surf,0.12902377287529485
90448,r1_sau_surf,0.2901445816472315
90450,r1_sau_surf,0.3810424621087236
91333,r1_sau_surf,0.10756695275392456
91337,r1_sau_surf,0.30258099585700254
91339,r1_sau_surf,0.5459495905906614
92333,r1_sau_surf,0.00023834671853385425
93329,r1_sau_surf,0.15254954035634036
93333,r1_sau_surf,0.006067475311350213
94333,r1_sau_surf,0.03407319778387453
95329,r1_sau_surf,0.4398366898372654
01195,r2_ta_sau,0.8068091601589978
01198,r2_ta_sau,0.848132174326819
01201,r2_ta_sau,0.8854539652149346
01215,r2_ta_sau,0.23455229078959433
01446,r2_ta_sau,0.6376058269718499
01449,r2_ta_sau,0.107174367251744
01451,r2_ta_sau,0.3666094700798687
02034,r2_ta_sau,0.9586379279332163
02317,r2_ta_sau,0.9631764250882218
02323,r2_ta_sau,0.598426945040929
02328,r2_ta_sau,0.9069258802528494
02329,r2_ta_sau,0.9373012274952142
02336,r2_ta_sau,0.8402574044469384
03178,r2_ta_sau,0.3955935585490319
03425,r2_ta_sau,0.20249176325573742
03426,r2_ta_sau,0.6437633861182064
03428,r2_ta_sau,0.34820394288638096
03429,r2_ta_sau,0.45577453859126615
04233,r2_ta_sau,0.4963854910413669
04459,r2_ta_sau,0.22071624021367006
04460,r2_ta_sau,0.05904470487576262
04462,r2_ta_sau,0.2719191146035799
05235,r2_ta_sau,0.10370801777017707
11472,r2_ta_sau,0.033953136765466116
15167,r2_ta_sau,0.10704450962817559
15409,r2_ta_sau,0.34438264671982427
05463,r2_ta_sau,0.22736517481690824
06245,r2_ta_sau,0.017846428232251983
06249,r2_ta_sau,0.020069476683905012
06250,r2_ta_sau,0.006400004501538581
07171,r2_ta_sau,0.17106960610256328
07422,r2_ta_sau,0.1565485335168128
07425,r2_ta_sau,0.15475519686613964
07465,r2_ta_sau,0.40435781958898404
08021,r2_ta_sau,0.24973410428124287
08022,r2_ta_sau,0.46496248778181165
08315,r2_ta_sau,0.5597470529622468
08317,r2_ta_sau,0.9345730926728745
08323,r2_ta_sau,0.29477182783467004
09390,r2_ta_sau,0.7757474759214376
09392,r2_ta_sau,0.46439703289343265
09393,r2_ta_sau,0.062151808269369495
09472,r2_ta_sau,0.0012280428795751444
10011,r2_ta_sau,0.8395032208875568
10013,r2_ta_sau,0.9722051973417385
13468,r2_ta_sau,0.27711535140206084
14085,r2_ta_sau,0.5655031147852452
14353,r2_ta_sau,0.41255839889596024
14354,r2_ta_sau,0.6447258984042352
14355,r2_ta_sau,0.867268322352562
16112,r2_ta_sau,0.7844327156549437
16113,r2_ta_sau,0.8913468160418171
16367,r2_ta_sau,0.9365119426031286
16377,r2_ta_sau,0.5208660581708027
16432,r2_ta_sau,0.5806698245525052
16438,r2_ta_sau,0.6762423427682234
17111,r2_ta_sau,0.494659988857449
17369,r2_ta_sau,0.8426712087593701
18439,r2_ta_sau,0.7217126479617588
19408,r2_ta_sau,0.1665852563602771
19409,r2_ta_sau,0.23218868449756666
19421,r2_ta_sau,0.022139988317465376
19430,r2_ta_sau,0.12377879473457509
19432,r2_ta_sau,0.25096938445439215
19433,r2_ta_sau,0.16633919182839438
21010,r2_ta_sau,0.8830269974149372
22362,r2_ta_sau,0.8276064613682571
23428,r2_ta_sau,0.38246317561355475
23430,r2_ta_sau,0.12505412775104074
26234,r2_ta_sau,0.17418435146877703
26240,r2_ta_sau,0.8731255353559276
26463,r2_ta_sau,0.1743537203866997
26464,r2_ta_sau,0.22222094658523342
27044,r2_ta_sau,0.9261354001295884
26242,r2_ta_sau,0.7557785540063152
26243,r2_ta_sau,0.4021759958171987
26453,r2_ta_sau,0.09396290964692701
27052,r2_ta_sau,0.8012700953033319
27077,r2_ta_sau,0.736279884402443
27078,r2_ta_sau,0.9491747562625908
27079,r2_ta_sau,0.9612314770141147
27080,r2_ta_sau,0.9199268184780184
27352,r2_ta_sau,0.8410269048047204
27353,r2_ta_sau,0.6348129166103297
28076,r2_ta_sau,0.9681954187556425
28334,r2_ta_sau,0.9761128393478848
28341,r2_ta_sau,0.995327321633574
28342,r2_ta_sau,0.9925706598190429
28351,r2_ta_sau,0.8805535973281661
27332,r2_ta_sau,0.8816440432541027
32388,r2_ta_sau,0.642947623343589
33114,r2_ta_sau,0.11244454703882069
33121,r2_ta_sau,0.18087799577225275
33122,r2_ta_sau,0.2399291154933858
29103,r2_ta_sau,0.781765896596786
29358,r2_ta_sau,0.8166788114014426
29360,r2_ta_sau,0.5838174316697795
29361,r2_ta_sau,0.7696525170847642
29362,r2_ta_sau,0.7952530297051655
29363,r2_ta_sau,0.7626294854677533
2A258,r2_ta_sau,0.02145648203694678
2A259,r2_ta_sau,0.0337823817735762
2A260,r2_ta_sau,0.08589384466520905
2B258,r2_ta_sau,0.1531779820813294
2B259,r2_ta_sau,0.04891530107549946
2B260,r2_ta_sau,0.05072258760637426
30410,r2_ta_sau,0.37187526543591165
33128,r2_ta_sau,0.13628945129889053
30416,r2_ta_sau,0.35608614492181956
32383,r2_ta_sau,0.8377812479076518
33118,r2_ta_sau,0.10642621352923906
33119,r2_ta_sau,0.33743916025693327
27051,r2_ta_sau,0.4427788284202373
33137,r2_ta_sau,0.5504638189547493
33376,r2_ta_sau,0.17396613388606366
33378,r2_ta_sau,0.8436811682076387
34412,r2_ta_sau,0.18464772707620117
34414,r2_ta_sau,0.06608464680191678
34415,r2_ta_sau,0.13258386407506462
34416,r2_ta_sau,0.07776169054016412
34470,r2_ta_sau,0.08861851115298465
34471,r2_ta_sau,0.27470471623683773
35097,r2_ta_sau,0.8303765694209864
41435,r2_ta_sau,0.7364009834775869
42168,r2_ta_sau,0.3472525657715071
42170,r2_ta_sau,0.32472587403260095
42189,r2_ta_sau,0.20145503513413926
42190,r2_ta_sau,0.20745021192901175
37344,r2_ta_sau,0.6194088805024658
37346,r2_ta_sau,0.8553400738722081
37348,r2_ta_sau,0.9293414718913405
37435,r2_ta_sau,0.8973944007575225
38199,r2_ta_sau,0.6322043543923944
38217,r2_ta_sau,0.5923988226225085
38453,r2_ta_sau,0.08055624811751098
38457,r2_ta_sau,0.10093856310648748
38465,r2_ta_sau,0.8698284941856265
39207,r2_ta_sau,0.32643840579083
40133,r2_ta_sau,0.9329428244989807
47398,r2_ta_sau,0.9311200884173992
47399,r2_ta_sau,0.8170925442299705
47400,r2_ta_sau,0.9090999715812502
40378,r2_ta_sau,0.9691993606368928
58185,r2_ta_sau,0.7818135546317188
58188,r2_ta_sau,0.43081897776900036
40382,r2_ta_sau,0.8579843259510753
40387,r2_ta_sau,0.8460913618961967
40388,r2_ta_sau,0.8046837114174242
64140,r2_ta_sau,0.015428041563867748
64141,r2_ta_sau,0.3801759558692956
64142,r2_ta_sau,0.007351317633401004
42192,r2_ta_sau,0.1945930559868075
44104,r2_ta_sau,0.8021305268321787
44105,r2_ta_sau,0.7147030670496118
44106,r2_ta_sau,0.36422778698697306
44108,r2_ta_sau,0.6828619112583545
44356,r2_ta_sau,0.7568383134354916
44363,r2_ta_sau,0.6810854840875541
44364,r2_ta_sau,0.553874720436756
44373,r2_ta_sau,0.4904787093161592
45063,r2_ta_sau,0.7979585061227468
45067,r2_ta_sau,0.9431835953947894
45342,r2_ta_sau,0.9981260482345632
45343,r2_ta_sau,0.8202089768016434
46159,r2_ta_sau,0.2559586892076381
46160,r2_ta_sau,0.45603925357182096
46394,r2_ta_sau,0.20450992936759868
46396,r2_ta_sau,0.7317626549341445
46407,r2_ta_sau,0.24608679749047926
46408,r2_ta_sau,0.23840447333273218
46409,r2_ta_sau,0.2730858556657712
47156,r2_ta_sau,0.8766200670390208
47157,r2_ta_sau,0.7960694587021342
47378,r2_ta_sau,0.842603203874205
27351,r2_ta_sau,0.9157190513245055
48410,r2_ta_sau,0.2257277861228328
48411,r2_ta_sau,0.22649395409043113
48418,r2_ta_sau,0.14567122180485398
48419,r2_ta_sau,0.021621414125422973
49344,r2_ta_sau,0.7991786702982338
49345,r2_ta_sau,0.7425683738634322
49347,r2_ta_sau,0.741858491113626
49356,r2_ta_sau,0.7291811924150794
49373,r2_ta_sau,0.6165663443177191
50082,r2_ta_sau,0.44680753229946063
50084,r2_ta_sau,0.34561039378013597
50086,r2_ta_sau,0.490623201997125
50087,r2_ta_sau,0.6599985860608967
50354,r2_ta_sau,0.6349343954007673
51016,r2_ta_sau,0.9288025579520732
51017,r2_ta_sau,0.5609480408465967
51018,r2_ta_sau,0.9588068287404024
51315,r2_ta_sau,0.5721481499129781
51317,r2_ta_sau,0.9857098251344353
51318,r2_ta_sau,0.8617544302267923
51321,r2_ta_sau,0.8681007433387585
51335,r2_ta_sau,0.9099564780523507
51336,r2_ta_sau,0.8466966643546084
68301,r2_ta_sau,0.9220127971175686
52310,r2_ta_sau,0.43744780059095617
68303,r2_ta_sau,0.8415259490026308
52322,r2_ta_sau,0.8652871832027674
53095,r2_ta_sau,0.6680344328245761
53096,r2_ta_sau,0.6513773603195582
53356,r2_ta_sau,0.8104015152188685
53357,r2_ta_sau,0.7031438181198105
54305,r2_ta_sau,0.7902029406660216
54306,r2_ta_sau,0.6343379067069759
54316,r2_ta_sau,0.7513508172379696
55308,r2_ta_sau,0.6300504287793419
55314,r2_ta_sau,0.7973849748980457
55315,r2_ta_sau,0.6545978624031484
55316,r2_ta_sau,0.7208647335493029
56359,r2_ta_sau,0.8743855274119614
56362,r2_ta_sau,0.8159647375840713
58443,r2_ta_sau,0.1786880753957126
59025,r2_ta_sau,0.8969806840013829
59026,r2_ta_sau,0.8970166294724213
59028,r2_ta_sau,0.7749783520313092
59033,r2_ta_sau,0.7302348883048966
59323,r2_ta_sau,0.322798334634931
59324,r2_ta_sau,0.8858333591892813
59325,r2_ta_sau,0.9534640665277037
59326,r2_ta_sau,0.9545059539758413
60041,r2_ta_sau,0.9408576619751252
60042,r2_ta_sau,0.9396931015541522
60043,r2_ta_sau,0.8845041580434106
60327,r2_ta_sau,0.9387475260184394
60329,r2_ta_sau,0.9734182799709873
60330,r2_ta_sau,0.9526006868275583
60331,r2_ta_sau,0.6423735192134279
61351,r2_ta_sau,0.657038431739719
62032,r2_ta_sau,0.8487458786290839
62039,r2_ta_sau,0.8077281293318903
70448,r2_ta_sau,0.4022028541395742
71443,r2_ta_sau,0.17090606144888987
71444,r2_ta_sau,0.31534169850610305
71446,r2_ta_sau,0.5880680698282993
72089,r2_ta_sau,0.6977077299795269
63425,r2_ta_sau,0.15547976058186544
63426,r2_ta_sau,0.8744515505145773
63427,r2_ta_sau,0.6496006122004742
63428,r2_ta_sau,0.31120069379573745
64379,r2_ta_sau,0.5732773058517543
64380,r2_ta_sau,0.779246073381674
64381,r2_ta_sau,0.8139302985056388
64382,r2_ta_sau,0.7674984829679918
65146,r2_ta_sau,0.0281696355756973
65148,r2_ta_sau,0.5825115426772043
65150,r2_ta_sau,0.7769675335786691
72091,r2_ta_sau,0.7958536171306391
66252,r2_ta_sau,0.3065283981743325
66253,r2_ta_sau,0.011388356455371385
72350,r2_ta_sau,0.6825686308528098
72351,r2_ta_sau,0.6678667944622766
72354,r2_ta_sau,0.6101266115480987
67301,r2_ta_sau,0.8442450722558186
67302,r2_ta_sau,0.9019317191191148
67304,r2_ta_sau,0.650618378805935
67307,r2_ta_sau,0.2282164821828855
67473,r2_ta_sau,0.4772173746545094
68001,r2_ta_sau,0.9888612512772189
69200,r2_ta_sau,0.46779568781322356
69444,r2_ta_sau,0.167783084466635
69445,r2_ta_sau,0.29909623149522085
73219,r2_ta_sau,0.27705474164974764
73229,r2_ta_sau,0.00913041594195463
73451,r2_ta_sau,0.3209419052159395
74458,r2_ta_sau,0.0013616713968411266
76046,r2_ta_sau,0.8013434272895557
76047,r2_ta_sau,0.7685921374132391
76048,r2_ta_sau,0.7456625542615346
76049,r2_ta_sau,0.7826076288720851
76331,r2_ta_sau,0.637186424819296
76332,r2_ta_sau,0.6394973081437197
73458,r2_ta_sau,0.00021543709339019878
74218,r2_ta_sau,0.2494203735825501
74222,r2_ta_sau,0.1514406374236427
74223,r2_ta_sau,0.015263911158462777
74224,r2_ta_sau,0.003802128491444362
74226,r2_ta_sau,0.37170504242445546
74227,r2_ta_sau,0.0030759885582584976
77057,r2_ta_sau,0.9398090189831342
77058,r2_ta_sau,0.9917490658460416
77061,r2_ta_sau,0.9476932267651638
77062,r2_ta_sau,0.945893036678259
77064,r2_ta_sau,0.964445354741063
77320,r2_ta_sau,0.9834892490003166
77329,r2_ta_sau,0.9858799513402282
77336,r2_ta_sau,0.9459666374644933
78334,r2_ta_sau,0.9579061687472962
79371,r2_ta_sau,0.9285595222461526
79373,r2_ta_sau,0.6208862240836757
80035,r2_ta_sau,0.9810517198244009
80036,r2_ta_sau,0.8846420475386296
80038,r2_ta_sau,0.8294208034707654
81153,r2_ta_sau,0.8236956403681048
81391,r2_ta_sau,0.9358629456052373
81395,r2_ta_sau,0.4249290970504437
81409,r2_ta_sau,0.539288186822205
81412,r2_ta_sau,0.4582720779350088
81413,r2_ta_sau,0.46659600380081656
83248,r2_ta_sau,0.13966201966517441
83460,r2_ta_sau,0.11527440614878195
83468,r2_ta_sau,0.07009333536267523
83469,r2_ta_sau,0.03805982645312318
84238,r2_ta_sau,0.22781263082265
37072,r2_ta_sau,0.7786643221500086
82155,r2_ta_sau,0.7836607131354295
69197,r2_ta_sau,0.6202038722277796
82390,r2_ta_sau,0.9081374585104892
82391,r2_ta_sau,0.8444132453134474
82395,r2_ta_sau,0.4067592380776371
86372,r2_ta_sau,0.9346621975003583
86438,r2_ta_sau,0.8481305020215567
87430,r2_ta_sau,0.3046171989722537
87431,r2_ta_sau,0.47451035650676676
87432,r2_ta_sau,0.41351743504045485
70447,r2_ta_sau,0.6165959445152907
95332,r2_ta_sau,0.9722791127249828
95333,r2_ta_sau,0.9798579266321472
84464,r2_ta_sau,0.29675938252310624
84467,r2_ta_sau,0.5025066943878402
86348,r2_ta_sau,0.9520729316123211
88306,r2_ta_sau,0.4713262201417934
88307,r2_ta_sau,0.16512149957913583
88309,r2_ta_sau,0.40273137220547894
88310,r2_ta_sau,0.3526951778421489
89186,r2_ta_sau,0.8705809923539732
89319,r2_ta_sau,0.9474057655079505
89320,r2_ta_sau,0.9860776520439272
16375,r2_ta_sau,0.9031865868936532
17374,r2_ta_sau,0.9207253436584174
17375,r2_ta_sau,0.8838711383298
17376,r2_ta_sau,0.43313532787241865
17377,r2_ta_sau,0.6461856528956801
18066,r2_ta_sau,0.7878803425288807
18179,r2_ta_sau,0.5288213017974348
18343,r2_ta_sau,0.8273876896830337
18434,r2_ta_sau,0.9197892404235957
18436,r2_ta_sau,0.5408190522538985
19394,r2_ta_sau,0.19847080184600016
91055,r2_ta_sau,0.9416655794572067
91342,r2_ta_sau,0.9952246787050485
95330,r2_ta_sau,0.9369559740224235
01216,r2_ta_sau,0.5410214142749863
04466,r2_ta_sau,0.5240635869384361
05231,r2_ta_sau,0.0007954405219172917
05457,r2_ta_sau,0.002460586317364048
05459,r2_ta_sau,0.3103820315303493
19403,r2_ta_sau,0.16246705414863408
05232,r2_ta_sau,0.015576190505679788
10317,r2_ta_sau,0.9932333157860239
10318,r2_ta_sau,0.7583478391999228
10319,r2_ta_sau,0.9541950324820994
05236,r2_ta_sau,0.047945852589934654
15164,r2_ta_sau,0.26268126234759676
15417,r2_ta_sau,0.03351720304786048
15418,r2_ta_sau,0.23206288089071891
05237,r2_ta_sau,0.0405812606736501
05239,r2_ta_sau,0.3238119727566249
05461,r2_ta_sau,0.22851443299280427
07169,r2_ta_sau,0.08349595975556505
07423,r2_ta_sau,0.02099199818976899
07424,r2_ta_sau,0.08766039810413732
10014,r2_ta_sau,0.8983025501218321
10015,r2_ta_sau,0.9666763167203491
10019,r2_ta_sau,0.905031531703615
10020,r2_ta_sau,0.8062661854864899
10335,r2_ta_sau,0.9790312339711338
11391,r2_ta_sau,0.8777503350567294
11392,r2_ta_sau,0.598805453589109
11413,r2_ta_sau,0.32554911602952713
11470,r2_ta_sau,0.23276744470467692
11471,r2_ta_sau,0.22945158849536912
12161,r2_ta_sau,0.26305075248780585
12162,r2_ta_sau,0.6575039749977583
12397,r2_ta_sau,0.3242750816100411
12407,r2_ta_sau,0.23078133861014385
12409,r2_ta_sau,0.563381580155131
12411,r2_ta_sau,0.353323868929236
12412,r2_ta_sau,0.5692534951255619
12419,r2_ta_sau,0.07873288122949522
13244,r2_ta_sau,0.4562362330250121
13246,r2_ta_sau,0.1501187807453928
13466,r2_ta_sau,0.3720499248554413
13467,r2_ta_sau,0.6113261595023982
13469,r2_ta_sau,0.05490123335796901
15163,r2_ta_sau,0.13882054550770273
15419,r2_ta_sau,0.0736314767246883
15420,r2_ta_sau,0.03961865416846449
15421,r2_ta_sau,0.03573628184836127
15433,r2_ta_sau,0.1385387147948883
19420,r2_ta_sau,0.16321483346744292
21204,r2_ta_sau,0.7738029917978932
21311,r2_ta_sau,0.8171311375822158
16371,r2_ta_sau,0.9727838232076548
16372,r2_ta_sau,0.8937458207894481
21312,r2_ta_sau,0.8560244547404174
18437,r2_ta_sau,0.5248665243652002
21322,r2_ta_sau,0.90357070269658
21440,r2_ta_sau,0.9312175523744913
21441,r2_ta_sau,0.46587899237412783
21442,r2_ta_sau,0.39507516232919065
21443,r2_ta_sau,0.273785303124434
22358,r2_ta_sau,0.8669015902547932
22359,r2_ta_sau,0.8601947329266582
22360,r2_ta_sau,0.7760562070038548
22361,r2_ta_sau,0.7059922316375873
23431,r2_ta_sau,0.28621556656994057
23432,r2_ta_sau,0.30689641207998103
23437,r2_ta_sau,0.43149953003041
24158,r2_ta_sau,0.7247409791699103
24394,r2_ta_sau,0.3167193858554136
24401,r2_ta_sau,0.5871295251030862
24403,r2_ta_sau,0.5001831568013794
24404,r2_ta_sau,0.44051149625105307
24405,r2_ta_sau,0.42283866196228403
24406,r2_ta_sau,0.4292696016202235
24432,r2_ta_sau,0.3662796469048334
25447,r2_ta_sau,0.46330264972390606
25449,r2_ta_sau,0.0031102171758162146
25450,r2_ta_sau,0.24207098728788898
25452,r2_ta_sau,0.02608871199432519
26221,r2_ta_sau,0.4956158647505769
26461,r2_ta_sau,0.03311126093889374
26241,r2_ta_sau,0.6669643816297669
27050,r2_ta_sau,0.8506341940751385
27330,r2_ta_sau,0.9225026093278645
29100,r2_ta_sau,0.790104792611571
33120,r2_ta_sau,0.47430275223426166
29101,r2_ta_sau,0.5731791910787136
33123,r2_ta_sau,0.29918239427766863
29102,r2_ta_sau,0.551223968981633
30411,r2_ta_sau,0.16602261359474957
33127,r2_ta_sau,0.3306083926793395
30414,r2_ta_sau,0.06113703831695354
30415,r2_ta_sau,0.14450473303055472
30422,r2_ta_sau,0.6624768982284234
30465,r2_ta_sau,0.22551868432596708
30471,r2_ta_sau,0.4663992160848649
31385,r2_ta_sau,0.907546290126502
31389,r2_ta_sau,0.6307437713016111
31390,r2_ta_sau,0.9121914159281697
31391,r2_ta_sau,0.9386495152826704
31392,r2_ta_sau,0.7435280057271225
31393,r2_ta_sau,0.4927100586849042
31472,r2_ta_sau,0.03438693792713646
32147,r2_ta_sau,0.876144265112321
32149,r2_ta_sau,0.7602736978284328
32384,r2_ta_sau,0.9601777811731758
32385,r2_ta_sau,0.925221509318828
32386,r2_ta_sau,0.6951489672593315
32387,r2_ta_sau,0.8078955409959745
33115,r2_ta_sau,0.23760476182888238
33116,r2_ta_sau,0.12385321519861613
33117,r2_ta_sau,0.16147442060830725
33124,r2_ta_sau,0.15362334507784298
33405,r2_ta_sau,0.3448656239274112
33125,r2_ta_sau,0.18154720727292772
41341,r2_ta_sau,0.9937051773358354
41343,r2_ta_sau,0.6382341581355702
41346,r2_ta_sau,0.9461116645607013
41350,r2_ta_sau,0.8599529028082081
41351,r2_ta_sau,0.9084870142315262
33126,r2_ta_sau,0.3660923977473323
33129,r2_ta_sau,0.18890575432129617
33135,r2_ta_sau,0.49518668473493804
33136,r2_ta_sau,0.48285262761240705
33400,r2_ta_sau,0.7237533531099408
33401,r2_ta_sau,0.18068004890494455
33402,r2_ta_sau,0.5016100875117602
33406,r2_ta_sau,0.06641705903024511
35098,r2_ta_sau,0.940321477087424
35099,r2_ta_sau,0.7728840248184516
35357,r2_ta_sau,0.7439626310486502
35358,r2_ta_sau,0.7880499127506588
35359,r2_ta_sau,0.8384120232269948
35363,r2_ta_sau,0.8463617283748275
36434,r2_ta_sau,0.9800425586843629
36435,r2_ta_sau,0.8710567071997253
36436,r2_ta_sau,0.5251343551417645
36438,r2_ta_sau,0.526848258350541
37069,r2_ta_sau,0.9110398442850183
37070,r2_ta_sau,0.9328233862125315
41434,r2_ta_sau,0.8411469147816193
37071,r2_ta_sau,0.6323357767168333
37073,r2_ta_sau,0.8681325213618225
73213,r2_ta_sau,0.31797161489237225
37074,r2_ta_sau,0.6719171468605655
43417,r2_ta_sau,0.15010786204757456
43418,r2_ta_sau,0.2310535918064379
43423,r2_ta_sau,0.06582120066033857
43424,r2_ta_sau,0.46572937666455255
43425,r2_ta_sau,0.36297154967362366
39203,r2_ta_sau,0.6738284229662005
39206,r2_ta_sau,0.8988615931292832
39209,r2_ta_sau,0.2506061302140368
39212,r2_ta_sau,0.23478162729861288
39446,r2_ta_sau,0.6049280479919984
39447,r2_ta_sau,0.6657620668931054
39449,r2_ta_sau,0.0054353020935960636
39451,r2_ta_sau,0.19776592742023322
39452,r2_ta_sau,0.055113713116884365
40130,r2_ta_sau,0.858495482136015
40131,r2_ta_sau,0.9481284129230922
47394,r2_ta_sau,0.6175014044631946
40132,r2_ta_sau,0.8341213236150289
40134,r2_ta_sau,0.9388961274951515
40144,r2_ta_sau,0.7729658343331888
47401,r2_ta_sau,0.7732703825929701
40145,r2_ta_sau,0.7922472858340429
40379,r2_ta_sau,0.8348279724346672
40380,r2_ta_sau,0.8376757256421826
41065,r2_ta_sau,0.7832552398444775
41068,r2_ta_sau,0.8828668073939947
41075,r2_ta_sau,0.9042454320707188
42191,r2_ta_sau,0.1316056930579873
42193,r2_ta_sau,0.4881215177587042
42425,r2_ta_sau,0.28852368564605513
42445,r2_ta_sau,0.29728590540867905
42465,r2_ta_sau,0.3745753191154581
43172,r2_ta_sau,0.3640371841423337
43177,r2_ta_sau,0.42760778016962814
43427,r2_ta_sau,0.6938341527099381
44107,r2_ta_sau,0.38031653301295576
44365,r2_ta_sau,0.558228650737641
44368,r2_ta_sau,0.7721718897568394
45338,r2_ta_sau,0.9537826002972849
45339,r2_ta_sau,0.9960157813292299
45340,r2_ta_sau,0.918770472305485
66254,r2_ta_sau,0.00943507264383345
66255,r2_ta_sau,0.01060306384054524
66256,r2_ta_sau,0.02152152951820632
45341,r2_ta_sau,0.9984603954436098
45439,r2_ta_sau,0.8227132417890018
47402,r2_ta_sau,0.6575209219654751
47404,r2_ta_sau,0.549957489834439
50081,r2_ta_sau,0.42314289729768806
50083,r2_ta_sau,0.5685513786399323
52008,r2_ta_sau,0.4324497418207637
68002,r2_ta_sau,0.7949913184036989
52009,r2_ta_sau,0.37812500163755913
52012,r2_ta_sau,0.8125402165572904
52311,r2_ta_sau,0.726298270797178
52312,r2_ta_sau,0.4749873819041017
52314,r2_ta_sau,0.8281021330922378
52318,r2_ta_sau,0.6699776078042088
68302,r2_ta_sau,0.9402199798514017
68304,r2_ta_sau,0.36885640214134346
68307,r2_ta_sau,0.0667785603566214
52321,r2_ta_sau,0.8281255775448256
54307,r2_ta_sau,0.44026291428999614
54308,r2_ta_sau,0.8295082519596894
54313,r2_ta_sau,0.6122187023301742
56363,r2_ta_sau,0.7801420004173459
56364,r2_ta_sau,0.7004472661267375
57003,r2_ta_sau,0.6260878460999122
57004,r2_ta_sau,0.6956852073459832
57306,r2_ta_sau,0.7143482109552477
57307,r2_ta_sau,0.40503954642925993
57308,r2_ta_sau,0.85341794454511
57473,r2_ta_sau,0.5932666115373796
58180,r2_ta_sau,0.38889330769125
58340,r2_ta_sau,0.5907695928225574
58429,r2_ta_sau,0.25103267026247716
59027,r2_ta_sau,0.8372638141086578
60328,r2_ta_sau,0.9623374863903291
61088,r2_ta_sau,0.3844092385290292
61352,r2_ta_sau,0.6886775478331536
61353,r2_ta_sau,0.3356018224180014
61354,r2_ta_sau,0.5917138318515265
61355,r2_ta_sau,0.6253547008977699
62023,r2_ta_sau,0.8271998110360005
62024,r2_ta_sau,0.8570240290718535
62029,r2_ta_sau,0.6260087976108724
62030,r2_ta_sau,0.7379459987701672
69465,r2_ta_sau,0.9457008718555239
70005,r2_ta_sau,0.38880045401062047
70006,r2_ta_sau,0.18314858706834483
70007,r2_ta_sau,0.5989576912557517
70205,r2_ta_sau,0.750338744576267
62031,r2_ta_sau,0.903506905931832
62040,r2_ta_sau,0.7273171278591158
62324,r2_ta_sau,0.9249963261377936
62325,r2_ta_sau,0.8907604742676299
62326,r2_ta_sau,0.9618333365971803
63165,r2_ta_sau,0.06808327174656796
63166,r2_ta_sau,0.013394564703946706
63173,r2_ta_sau,0.2150870072206396
63174,r2_ta_sau,0.209905414782736
63175,r2_ta_sau,0.30291587497530587
63176,r2_ta_sau,0.7032634669281699
63181,r2_ta_sau,0.24252504294786148
71429,r2_ta_sau,0.26264625152185234
71440,r2_ta_sau,0.730597639466334
71441,r2_ta_sau,0.28562952617181925
71442,r2_ta_sau,0.17803908612979966
63417,r2_ta_sau,0.0021962105085402616
63421,r2_ta_sau,8.223817798555443e-05
64138,r2_ta_sau,0.21185329240170225
64139,r2_ta_sau,0.1748089721656438
64143,r2_ta_sau,0.49367175800148666
64386,r2_ta_sau,0.73031568588358
65381,r2_ta_sau,0.8661419341897002
65383,r2_ta_sau,0.8054760189632331
72090,r2_ta_sau,0.7001122836175627
72092,r2_ta_sau,0.7533996019835643
72093,r2_ta_sau,0.6048479206430677
65386,r2_ta_sau,0.7481615924515885
65387,r2_ta_sau,0.92918681375055
65389,r2_ta_sau,0.6804215557318938
66257,r2_ta_sau,0.00678448772866714
72345,r2_ta_sau,0.710353161183692
66470,r2_ta_sau,0.04665600511103411
66472,r2_ta_sau,0.012324167351713792
68450,r2_ta_sau,0.6258296837328694
69194,r2_ta_sau,0.5136863765726656
69195,r2_ta_sau,0.9699156539313404
69196,r2_ta_sau,0.9146139176905667
69199,r2_ta_sau,0.8994961588262522
70307,r2_ta_sau,0.06762496529066073
70309,r2_ta_sau,0.26786911915619
71183,r2_ta_sau,0.06533344977004862
71184,r2_ta_sau,0.1851857934886968
71187,r2_ta_sau,0.15901907692598077
71202,r2_ta_sau,0.7215373228297237
72094,r2_ta_sau,0.8306714679394026
72355,r2_ta_sau,0.8413768712701724
73453,r2_ta_sau,0.028016758950897475
73220,r2_ta_sau,0.2119978658681421
73230,r2_ta_sau,2.157222951682046e-05
73454,r2_ta_sau,0.0007906325933520687
73455,r2_ta_sau,0.2104848147362127
74456,r2_ta_sau,0.005358910797762561
73456,r2_ta_sau,0.012706898055676777
74208,r2_ta_sau,0.49273261274738656
74210,r2_ta_sau,0.4720137432951512
74211,r2_ta_sau,0.4183722844934255
74214,r2_ta_sau,0.2709199909276068
74225,r2_ta_sau,0.08405595455147259
78055,r2_ta_sau,0.9226712534977498
74228,r2_ta_sau,0.08883743452784672
74454,r2_ta_sau,0.02681070640389033
74455,r2_ta_sau,0.364218442020594
77045,r2_ta_sau,0.9785591150047591
78342,r2_ta_sau,0.9989046575265553
79109,r2_ta_sau,0.8638848582509159
79349,r2_ta_sau,0.9258153751564665
79366,r2_ta_sau,0.8067337882234281
79367,r2_ta_sau,0.8570971713040936
79368,r2_ta_sau,0.701093818839275
77056,r2_ta_sau,0.9729748368284011
78330,r2_ta_sau,0.9474713755086064
78332,r2_ta_sau,0.9168391697452996
77059,r2_ta_sau,0.981177106339563
77060,r2_ta_sau,0.9791724781380623
77335,r2_ta_sau,0.9967784119248874
77337,r2_ta_sau,0.9802690427574792
77338,r2_ta_sau,0.9851207523490599
77339,r2_ta_sau,0.9960584983334158
78053,r2_ta_sau,0.950388420807988
78054,r2_ta_sau,0.9029240863092004
78333,r2_ta_sau,0.9062426349545466
79370,r2_ta_sau,0.6798031811583669
82398,r2_ta_sau,0.9159256627245866
80037,r2_ta_sau,0.607152041624793
80327,r2_ta_sau,0.9482387505481604
81151,r2_ta_sau,0.7598903220772971
81152,r2_ta_sau,0.8718611078063948
82154,r2_ta_sau,0.8035575906300629
82384,r2_ta_sau,0.9349427676158492
85370,r2_ta_sau,0.7340820715981875
85371,r2_ta_sau,0.8555863608895024
85373,r2_ta_sau,0.6091687562587985
86182,r2_ta_sau,0.6572391904427236
82385,r2_ta_sau,0.944945319968404
82396,r2_ta_sau,0.8336554302004829
82397,r2_ta_sau,0.3108521960669166
82399,r2_ta_sau,0.8042854380030778
83247,r2_ta_sau,0.0184595959099817
84462,r2_ta_sau,0.2179329642996845
84463,r2_ta_sau,0.1762107879151207
84466,r2_ta_sau,0.3391680721379226
85110,r2_ta_sau,0.7500610308025283
85365,r2_ta_sau,0.2466449716140102
85366,r2_ta_sau,0.815371612230943
85368,r2_ta_sau,0.7306497725775288
85369,r2_ta_sau,0.6625456893569148
86347,r2_ta_sau,0.9075629898346259
86349,r2_ta_sau,0.9811085844289613
86368,r2_ta_sau,0.9039092153238899
88305,r2_ta_sau,0.6616949082817846
88313,r2_ta_sau,0.5582608222935235
88314,r2_ta_sau,0.7366209979726208
89317,r2_ta_sau,0.9957561888759533
89322,r2_ta_sau,0.8884779856951568
89338,r2_ta_sau,0.9627412557161864
89340,r2_ta_sau,0.8125116300550821
89442,r2_ta_sau,0.451876521718461
89443,r2_ta_sau,0.2454410523274694
90303,r2_ta_sau,0.5812757880543841
90307,r2_ta_sau,0.019864601127217937
90448,r2_ta_sau,0.508440900581324
90450,r2_ta_sau,0.722469000616934
91333,r2_ta_sau,0.9300292403754898
91337,r2_ta_sau,0.9784817439337896
91339,r2_ta_sau,0.9892900139857373
92333,r2_ta_sau,0.17661098843396714
93329,r2_ta_sau,0.9930427176298864
93333,r2_ta_sau,0.7661309877818598
94333,r2_ta_sau,0.9216058046007395
95329,r2_ta_sau,0.967278968584531
01195,r4_cp_sau,0.0002044672079796877
01198,r4_cp_sau,0.0
01201,r4_cp_sau,0.0005988036158681363
01215,r4_cp_sau,0.0
01446,r4_cp_sau,0.00010750043445881926
01449,r4_cp_sau,0.0003962466191639272
01451,r4_cp_sau,0.01577697391068782
02034,r4_cp_sau,0.00017591287518366297
02317,r4_cp_sau,0.0
02323,r4_cp_sau,0.0
02328,r4_cp_sau,0.00020226592840647749
02329,r4_cp_sau,0.00021539187514491752
02336,r4_cp_sau,0.03998175963202391
03178,r4_cp_sau,0.00018055120882557243
03425,r4_cp_sau,6.859408748887676e-06
03426,r4_cp_sau,0.006250419946497707
03428,r4_cp_sau,0.0
03429,r4_cp_sau,7.027426365756486e-06
04233,r4_cp_sau,0.004054682848783932
04459,r4_cp_sau,4.975660509227903e-05
04460,r4_cp_sau,5.927844341441791e-05
04462,r4_cp_sau,0.009173061354071749
05235,r4_cp_sau,0.0
11472,r4_cp_sau,0.0020266942238355455
15167,r4_cp_sau,1.2353293721417709e-05
15409,r4_cp_sau,0.00010550646625560328
05463,r4_cp_sau,3.107034748437611e-05
06245,r4_cp_sau,0.0009059671651226844
06249,r4_cp_sau,0.02057286164333589
06250,r4_cp_sau,3.087759746448452e-05
07171,r4_cp_sau,0.008571263128810187
07422,r4_cp_sau,0.24996956982016394
07425,r4_cp_sau,0.0
07465,r4_cp_sau,0.2992811438706023
08021,r4_cp_sau,1.2618914263207666e-05
08022,r4_cp_sau,7.763874013250376e-06
08315,r4_cp_sau,0.0
08317,r4_cp_sau,5.200247908322062e-06
08323,r4_cp_sau,0.0
09390,r4_cp_sau,0.000438817222901462
09392,r4_cp_sau,0.0010095136436894879
09393,r4_cp_sau,0.00015563789674402715
09472,r4_cp_sau,2.0400424485084178e-07
10011,r4_cp_sau,0.09930964244910061
10013,r4_cp_sau,0.0
13468,r4_cp_sau,0.20152535775877234
14085,r4_cp_sau,0.0
14353,r4_cp_sau,0.0
14354,r4_cp_sau,0.0
14355,r4_cp_sau,8.167601262048451e-05
16112,r4_cp_sau,0.02401935132728483
16113,r4_cp_sau,0.030502889936204883
16367,r4_cp_sau,0.0
16377,r4_cp_sau,0.4316106926430382
16432,r4_cp_sau,0.0015086006029166054
16438,r4_cp_sau,0.00015089435405777723
17111,r4_cp_sau,0.003563901796792425
17369,r4_cp_sau,0.0
18439,r4_cp_sau,0.04534097371340934
19408,r4_cp_sau,0.0032864858051217406
19409,r4_cp_sau,0.00014889789056248378
19421,r4_cp_sau,0.0
19430,r4_cp_sau,0.0
19432,r4_cp_sau,0.0002671246348824403
19433,r4_cp_sau,0.0003087828427314456
21010,r4_cp_sau,0.02049026280118496
22362,r4_cp_sau,7.074584217633923e-05
23428,r4_cp_sau,0.0
23430,r4_cp_sau,0.0
26234,r4_cp_sau,0.039203208808558716
26240,r4_cp_sau,0.01377996661272325
26463,r4_cp_sau,0.15565242858770914
26464,r4_cp_sau,0.651636885972053
27044,r4_cp_sau,7.676599304516667e-05
26242,r4_cp_sau,0.092056782800102
26243,r4_cp_sau,0.011027643798649473
26453,r4_cp_sau,0.0
27052,r4_cp_sau,9.287952065882266e-05
27077,r4_cp_sau,5.028915983682326e-05
27078,r4_cp_sau,4.3248878504280576e-05
27079,r4_cp_sau,0.0
27080,r4_cp_sau,0.0
27352,r4_cp_sau,1.287487877408617e-06
27353,r4_cp_sau,0.0
28076,r4_cp_sau,8.868369139167549e-06
28334,r4_cp_sau,0.0
28341,r4_cp_sau,0.0
28342,r4_cp_sau,3.4887215815824494e-05
28351,r4_cp_sau,0.0
27332,r4_cp_sau,0.0003363432467353407
32388,r4_cp_sau,0.1900696799059774
33114,r4_cp_sau,0.6529535502757655
33121,r4_cp_sau,0.6796088130278611
33122,r4_cp_sau,0.5073573877498895
29103,r4_cp_sau,2.1217726681202876e-05
29358,r4_cp_sau,1.523221852287576e-05
29360,r4_cp_sau,0.0
29361,r4_cp_sau,8.027766750484434e-06
29362,r4_cp_sau,0.0
29363,r4_cp_sau,3.620346483485178e-05
2A258,r4_cp_sau,0.0
2A259,r4_cp_sau,0.0
2A260,r4_cp_sau,0.0
2B258,r4_cp_sau,0.0
2B259,r4_cp_sau,0.0
2B260,r4_cp_sau,0.0
30410,r4_cp_sau,0.009254740795207267
33128,r4_cp_sau,0.809284074209273
30416,r4_cp_sau,0.395277603667095
32383,r4_cp_sau,0.0005117219498017862
33118,r4_cp_sau,0.8203495879074268
33119,r4_cp_sau,0.20382774911308438
27051,r4_cp_sau,0.0
33137,r4_cp_sau,0.22173925359482496
33376,r4_cp_sau,0.3106898257536005
33378,r4_cp_sau,0.10307200337013189
34412,r4_cp_sau,0.001006154652809039
34414,r4_cp_sau,0.0038814677450640105
34415,r4_cp_sau,0.4201086402338108
34416,r4_cp_sau,0.16481341558127371
34470,r4_cp_sau,0.5846223993008892
34471,r4_cp_sau,0.5848392441511173
35097,r4_cp_sau,3.2281563044729135e-06
41435,r4_cp_sau,0.15164348127112717
42168,r4_cp_sau,0.001384529476627394
42170,r4_cp_sau,0.0023861160943662828
42189,r4_cp_sau,0.0
42190,r4_cp_sau,0.0
37344,r4_cp_sau,0.17317003515303425
37346,r4_cp_sau,0.004987533831742009
37348,r4_cp_sau,0.01752591400916022
37435,r4_cp_sau,0.0015231618961408114
38199,r4_cp_sau,0.0008104321017966719
38217,r4_cp_sau,0.006334027290251917
38453,r4_cp_sau,0.0001033820726810676
38457,r4_cp_sau,0.00018204860564189406
38465,r4_cp_sau,0.006008044937231295
39207,r4_cp_sau,0.08615952237382443
40133,r4_cp_sau,0.0002981714762749994
47398,r4_cp_sau,0.014688111584666213
47399,r4_cp_sau,0.003525654723411498
47400,r4_cp_sau,0.02309837758856795
40378,r4_cp_sau,7.89241646993231e-05
58185,r4_cp_sau,0.019015086366201004
58188,r4_cp_sau,0.0001519738009331831
40382,r4_cp_sau,0.0023016285243558136
40387,r4_cp_sau,0.018700046157208754
40388,r4_cp_sau,0.07993781645614731
64140,r4_cp_sau,0.00472437551851422
64141,r4_cp_sau,0.04112538659524804
64142,r4_cp_sau,0.0
42192,r4_cp_sau,0.0
44104,r4_cp_sau,0.0
44105,r4_cp_sau,3.085595668175637e-05
44106,r4_cp_sau,0.00014322383573204723
44108,r4_cp_sau,0.02293337647666289
44356,r4_cp_sau,0.002579680341936652
44363,r4_cp_sau,1.617746872848692e-05
44364,r4_cp_sau,1.5970261443545654e-05
44373,r4_cp_sau,0.22534382034542613
45063,r4_cp_sau,1.9546573080036648e-05
45067,r4_cp_sau,0.0009915163701496306
45342,r4_cp_sau,6.16499311711818e-05
45343,r4_cp_sau,0.0027334523285700157
46159,r4_cp_sau,0.0036599333752499776
46160,r4_cp_sau,0.003126989166061366
46394,r4_cp_sau,0.014389883841340734
46396,r4_cp_sau,0.0221369828867227
46407,r4_cp_sau,0.18237084635808826
46408,r4_cp_sau,0.0005028601138085228
46409,r4_cp_sau,0.002359427694422818
47156,r4_cp_sau,0.004148825793298084
47157,r4_cp_sau,0.10421961537744039
47378,r4_cp_sau,0.008121676861669048
27351,r4_cp_sau,0.0
48410,r4_cp_sau,5.329193840767334e-06
48411,r4_cp_sau,9.236200896917975e-05
48418,r4_cp_sau,0.0
48419,r4_cp_sau,0.0
49344,r4_cp_sau,0.01143916352436242
49345,r4_cp_sau,0.0006941252853012831
49347,r4_cp_sau,0.16240775597111665
49356,r4_cp_sau,0.0022623328612458573
49373,r4_cp_sau,0.07127476976745746
50082,r4_cp_sau,1.3698678634236148e-05
50084,r4_cp_sau,0.0
50086,r4_cp_sau,1.8590280626421596e-05
50087,r4_cp_sau,2.6367962562354567e-05
50354,r4_cp_sau,0.0
51016,r4_cp_sau,0.052694474837963565
51017,r4_cp_sau,0.40756882378267684
51018,r4_cp_sau,0.03805794156708406
51315,r4_cp_sau,0.0
51317,r4_cp_sau,0.005627507374697877
51318,r4_cp_sau,0.0017772140858489985
51321,r4_cp_sau,0.002921123807498114
51335,r4_cp_sau,0.026320207893191012
51336,r4_cp_sau,0.1023161788005511
68301,r4_cp_sau,0.02211079207165019
52310,r4_cp_sau,0.0
68303,r4_cp_sau,0.00018700599542087018
52322,r4_cp_sau,0.0
53095,r4_cp_sau,0.0
53096,r4_cp_sau,0.0
53356,r4_cp_sau,0.0
53357,r4_cp_sau,0.0
54305,r4_cp_sau,6.82827976694056e-05
54306,r4_cp_sau,9.083628155295342e-05
54316,r4_cp_sau,0.0
55308,r4_cp_sau,8.045766783920943e-06
55314,r4_cp_sau,7.433048467175846e-06
55315,r4_cp_sau,5.6701170323768866e-06
55316,r4_cp_sau,0.0006789645370874942
56359,r4_cp_sau,0.0
56362,r4_cp_sau,2.992061053856211e-05
58443,r4_cp_sau,1.842680913727562e-05
59025,r4_cp_sau,0.0
59026,r4_cp_sau,0.0
59028,r4_cp_sau,0.0
59033,r4_cp_sau,0.0
59323,r4_cp_sau,0.0
59324,r4_cp_sau,0.0
59325,r4_cp_sau,0.0
59326,r4_cp_sau,0.0
60041,r4_cp_sau,0.0
60042,r4_cp_sau,0.0
60043,r4_cp_sau,0.0
60327,r4_cp_sau,0.0
60329,r4_cp_sau,0.0
60330,r4_cp_sau,0.0
60331,r4_cp_sau,0.0
61351,r4_cp_sau,0.0
62032,r4_cp_sau,0.0
62039,r4_cp_sau,0.0
70448,r4_cp_sau,0.0
71443,r4_cp_sau,8.964553125656236e-07
71444,r4_cp_sau,0.2855137681754955
71446,r4_cp_sau,3.142938477537961e-05
72089,r4_cp_sau,7.718437689256467e-05
63425,r4_cp_sau,0.0
63426,r4_cp_sau,0.0013662063300271948
63427,r4_cp_sau,0.0035409943105766907
63428,r4_cp_sau,0.0
64379,r4_cp_sau,0.0002306381705749868
64380,r4_cp_sau,0.002790354283205372
64381,r4_cp_sau,0.00033394324550477293
64382,r4_cp_sau,0.0004303820692402248
65146,r4_cp_sau,2.6832551186937756e-05
65148,r4_cp_sau,0.0006834180104853548
65150,r4_cp_sau,0.0008700507573422355
72091,r4_cp_sau,0.0008842173111233357
66252,r4_cp_sau,0.4247189296857359
66253,r4_cp_sau,0.0146775227017038
72350,r4_cp_sau,0.005898801838002866
72351,r4_cp_sau,0.0
72354,r4_cp_sau,0.0
67301,r4_cp_sau,0.004700863546637388
67302,r4_cp_sau,1.8991505108222706e-05
67304,r4_cp_sau,0.10619328511101743
67307,r4_cp_sau,0.0033710484586962387
67473,r4_cp_sau,1.5677569386286705e-05
68001,r4_cp_sau,0.0002044674393499436
69200,r4_cp_sau,0.07491318287252688
69444,r4_cp_sau,0.5025039557032627
69445,r4_cp_sau,0.002771846681797991
73219,r4_cp_sau,0.06035423584080137
73229,r4_cp_sau,3.7275516425244885e-05
73451,r4_cp_sau,0.03052469356600593
74458,r4_cp_sau,0.0
76046,r4_cp_sau,2.344110397987182e-06
76047,r4_cp_sau,4.791589300801698e-05
76048,r4_cp_sau,0.0
76049,r4_cp_sau,0.0
76331,r4_cp_sau,5.800093150442741e-05
76332,r4_cp_sau,6.035030436091951e-05
73458,r4_cp_sau,0.0
74218,r4_cp_sau,0.0006803159886542081
74222,r4_cp_sau,0.002782389333127149
74223,r4_cp_sau,0.0
74224,r4_cp_sau,0.0
74226,r4_cp_sau,0.011824480136894102
74227,r4_cp_sau,0.0
77057,r4_cp_sau,3.500823194732296e-06
77058,r4_cp_sau,0.0
77061,r4_cp_sau,0.001885368722945803
77062,r4_cp_sau,1.2427167484851662e-06
77064,r4_cp_sau,0.00044426970077538283
77320,r4_cp_sau,0.000355520800326564
77329,r4_cp_sau,0.0
77336,r4_cp_sau,0.00022149041570232656
78334,r4_cp_sau,0.0
79371,r4_cp_sau,0.0008793097465854824
79373,r4_cp_sau,0.00562048986895771
80035,r4_cp_sau,0.0
80036,r4_cp_sau,0.0
80038,r4_cp_sau,0.0
81153,r4_cp_sau,0.012018170417739973
81391,r4_cp_sau,0.001412672678429336
81395,r4_cp_sau,0.01717040598500039
81409,r4_cp_sau,9.800772618122474e-05
81412,r4_cp_sau,0.00013695036284286333
81413,r4_cp_sau,0.00018622139934819533
83248,r4_cp_sau,0.24607055701897082
83460,r4_cp_sau,0.01296050758298781
83468,r4_cp_sau,0.3193187820176034
83469,r4_cp_sau,0.7848393053709588
84238,r4_cp_sau,0.3307469258758789
37072,r4_cp_sau,0.11762747841307936
82155,r4_cp_sau,0.01370296192423081
69197,r4_cp_sau,0.10517855078294717
82390,r4_cp_sau,0.006655904822397981
82391,r4_cp_sau,0.04027616465415426
82395,r4_cp_sau,0.0010959688400298516
86372,r4_cp_sau,0.00020388012723117794
86438,r4_cp_sau,0.0006225967468853867
87430,r4_cp_sau,0.0
87431,r4_cp_sau,1.3888813921687726e-05
87432,r4_cp_sau,4.183367190080905e-05
70447,r4_cp_sau,8.268127823145035e-05
95332,r4_cp_sau,0.0
95333,r4_cp_sau,0.0
84464,r4_cp_sau,0.6649446651696391
84467,r4_cp_sau,0.38626003194401964
86348,r4_cp_sau,0.007151858008242859
88306,r4_cp_sau,0.00018451674747820067
88307,r4_cp_sau,1.5036335478578719e-05
88309,r4_cp_sau,0.0
88310,r4_cp_sau,0.0
89186,r4_cp_sau,0.0585873591050256
89319,r4_cp_sau,0.00011718665168647606
89320,r4_cp_sau,0.0005321531093978485
16375,r4_cp_sau,0.07548565454170786
17374,r4_cp_sau,0.010800659154404722
17375,r4_cp_sau,0.033639686039052756
17376,r4_cp_sau,0.15611951465748092
17377,r4_cp_sau,0.2704052162026127
18066,r4_cp_sau,0.020610651281968238
18179,r4_cp_sau,7.4134329624368665e-06
18343,r4_cp_sau,0.0
18434,r4_cp_sau,0.004434760692754716
18436,r4_cp_sau,5.328920347931928e-05
19394,r4_cp_sau,0.0012699881199339106
91055,r4_cp_sau,1.319161877176368e-05
91342,r4_cp_sau,0.0003002245184401234
95330,r4_cp_sau,0.0001574623898179219
01216,r4_cp_sau,0.014596327505569306
04466,r4_cp_sau,0.02125537940065047
05231,r4_cp_sau,0.0
05457,r4_cp_sau,0.0
05459,r4_cp_sau,0.00023948470592666777
19403,r4_cp_sau,0.0008396720932611024
05232,r4_cp_sau,0.00014653426939817828
10317,r4_cp_sau,0.0001810849648841831
10318,r4_cp_sau,8.409146383099307e-05
10319,r4_cp_sau,0.005658794556127785
05236,r4_cp_sau,0.0
15164,r4_cp_sau,0.0042413871742544035
15417,r4_cp_sau,0.0
15418,r4_cp_sau,9.410443330981067e-07
05237,r4_cp_sau,0.00026260479321898273
05239,r4_cp_sau,0.004524924806341001
05461,r4_cp_sau,0.0
07169,r4_cp_sau,0.03655662865245441
07423,r4_cp_sau,0.0
07424,r4_cp_sau,0.0
10014,r4_cp_sau,8.811546407758438e-06
10015,r4_cp_sau,2.9645686591032606e-05
10019,r4_cp_sau,0.0
10020,r4_cp_sau,0.0
10335,r4_cp_sau,0.006192445936173588
11391,r4_cp_sau,0.008463725334363749
11392,r4_cp_sau,0.10514583013362715
11413,r4_cp_sau,0.003709590922124494
11470,r4_cp_sau,0.518786120421233
11471,r4_cp_sau,0.6369962395672115
12161,r4_cp_sau,0.021169744224072824
12162,r4_cp_sau,0.0
12397,r4_cp_sau,0.0005927634054319777
12407,r4_cp_sau,0.0011438994408443377
12409,r4_cp_sau,0.0006698675384660172
12411,r4_cp_sau,0.0006855218623738638
12412,r4_cp_sau,0.00021672573853362694
12419,r4_cp_sau,0.0
13244,r4_cp_sau,0.014340339998606632
13246,r4_cp_sau,0.003579142390995394
13466,r4_cp_sau,0.07380158282093988
13467,r4_cp_sau,0.06758579900992182
13469,r4_cp_sau,0.14737353586923382
15163,r4_cp_sau,0.0
15419,r4_cp_sau,0.0
15420,r4_cp_sau,0.0
15421,r4_cp_sau,0.0
15433,r4_cp_sau,0.0
19420,r4_cp_sau,0.0
21204,r4_cp_sau,0.0002465743453134695
21311,r4_cp_sau,0.0001541816174530756
16371,r4_cp_sau,0.010597419934854774
16372,r4_cp_sau,0.0004595305170926148
21312,r4_cp_sau,0.00034467082147150897
18437,r4_cp_sau,0.003315423042506282
21322,r4_cp_sau,0.0072206658550324826
21440,r4_cp_sau,0.007904228816775804
21441,r4_cp_sau,0.2952620154198936
21442,r4_cp_sau,0.0003524562223813269
21443,r4_cp_sau,0.0
22358,r4_cp_sau,8.76619977599967e-05
22359,r4_cp_sau,4.7316410634061326e-05
22360,r4_cp_sau,0.0
22361,r4_cp_sau,0.0
23431,r4_cp_sau,1.321300493809693e-06
23432,r4_cp_sau,0.0
23437,r4_cp_sau,1.1453005533469726e-05
24158,r4_cp_sau,0.0018599289108088787
24394,r4_cp_sau,0.00048549228879404214
24401,r4_cp_sau,0.17847717195423693
24403,r4_cp_sau,0.002799690494480524
24404,r4_cp_sau,0.002701825095537854
24405,r4_cp_sau,0.008132889517163717
24406,r4_cp_sau,0.07587239568424052
24432,r4_cp_sau,0.0007688163303295056
25447,r4_cp_sau,0.000353973575362101
25449,r4_cp_sau,0.0
25450,r4_cp_sau,0.0001580736154676517
25452,r4_cp_sau,0.0
26221,r4_cp_sau,2.6630182869969734e-05
26461,r4_cp_sau,0.0
26241,r4_cp_sau,0.000573728007532892
27050,r4_cp_sau,0.0
27330,r4_cp_sau,0.0
29100,r4_cp_sau,0.0
33120,r4_cp_sau,0.28649254317313577
29101,r4_cp_sau,0.0
33123,r4_cp_sau,0.5927628983555682
29102,r4_cp_sau,0.0
30411,r4_cp_sau,0.0
33127,r4_cp_sau,0.5805360531854556
30414,r4_cp_sau,0.0
30415,r4_cp_sau,0.37651221925467143
30422,r4_cp_sau,0.09798463790242641
30465,r4_cp_sau,0.7035215379071117
30471,r4_cp_sau,0.26573906976685463
31385,r4_cp_sau,0.0006805132453467386
31389,r4_cp_sau,0.00032803554570198063
31390,r4_cp_sau,0.0016555951176360738
31391,r4_cp_sau,0.013760535155978483
31392,r4_cp_sau,0.0010085188397937676
31393,r4_cp_sau,0.00030025807950830003
31472,r4_cp_sau,6.0612664923006136e-05
32147,r4_cp_sau,0.0054487636422580355
32149,r4_cp_sau,0.12443440590874064
32384,r4_cp_sau,0.0006934778326284101
32385,r4_cp_sau,0.00040768885555543793
32386,r4_cp_sau,0.2679990022055604
32387,r4_cp_sau,0.047782209942439334
33115,r4_cp_sau,0.1311553033416842
33116,r4_cp_sau,0.5997475480962818
33117,r4_cp_sau,0.6860578227004761
33124,r4_cp_sau,0.764777019670981
33405,r4_cp_sau,0.16918635215179742
33125,r4_cp_sau,0.6946440656438521
41341,r4_cp_sau,2.8866098155816206e-05
41343,r4_cp_sau,0.00370981968931676
41346,r4_cp_sau,0.00022074694092331148
41350,r4_cp_sau,0.014210411179518209
41351,r4_cp_sau,0.0
33126,r4_cp_sau,0.19258757891163233
33129,r4_cp_sau,0.7490012649135521
33135,r4_cp_sau,0.11153217813622532
33136,r4_cp_sau,0.06290179968113145
33400,r4_cp_sau,0.16796419724184888
33401,r4_cp_sau,0.7309945062179193
33402,r4_cp_sau,0.3469906011737748
33406,r4_cp_sau,0.6426304640420916
35098,r4_cp_sau,0.0
35099,r4_cp_sau,0.0
35357,r4_cp_sau,5.63259626130979e-06
35358,r4_cp_sau,0.00020786304075057612
35359,r4_cp_sau,0.0
35363,r4_cp_sau,1.7356474068135213e-06
36434,r4_cp_sau,0.0017957266394335134
36435,r4_cp_sau,0.003575978510549093
36436,r4_cp_sau,0.00019415115186231454
36438,r4_cp_sau,9.535060012467563e-05
37069,r4_cp_sau,0.02462252388240727
37070,r4_cp_sau,0.004916913116179281
41434,r4_cp_sau,0.0
37071,r4_cp_sau,0.27821623736402357
37073,r4_cp_sau,0.012545712346632643
73213,r4_cp_sau,0.09919218743452028
37074,r4_cp_sau,0.00018175675016024383
43417,r4_cp_sau,0.0
43418,r4_cp_sau,5.828143891813316e-06
43423,r4_cp_sau,9.26928433475881e-06
43424,r4_cp_sau,1.4868441549184837e-06
43425,r4_cp_sau,2.834395350636889e-06
39203,r4_cp_sau,0.0029228775059179086
39206,r4_cp_sau,0.0
39209,r4_cp_sau,0.0
39212,r4_cp_sau,0.0003777397502032265
39446,r4_cp_sau,0.006201361037327802
39447,r4_cp_sau,0.0006201820949011307
39449,r4_cp_sau,0.0
39451,r4_cp_sau,0.00014639805450348438
39452,r4_cp_sau,9.489990553559573e-06
40130,r4_cp_sau,0.0
40131,r4_cp_sau,0.0006408415719497665
47394,r4_cp_sau,0.041682861496699815
40132,r4_cp_sau,0.00128297266750095
40134,r4_cp_sau,0.0
40144,r4_cp_sau,0.00013859605446615782
47401,r4_cp_sau,0.002528883359361401
40145,r4_cp_sau,0.000755602870187257
40379,r4_cp_sau,0.0
40380,r4_cp_sau,0.0001232627579297594
41065,r4_cp_sau,0.13265900594135768
41068,r4_cp_sau,0.04160043771011323
41075,r4_cp_sau,0.0033313829180870056
42191,r4_cp_sau,0.031645275620057436
42193,r4_cp_sau,0.0010800380940425183
42425,r4_cp_sau,0.003471113604380643
42445,r4_cp_sau,1.4391419128095994e-05
42465,r4_cp_sau,0.4429937474164473
43172,r4_cp_sau,9.801803803595654e-05
43177,r4_cp_sau,0.00043499694154493245
43427,r4_cp_sau,0.00023641166592256162
44107,r4_cp_sau,0.13865966937340277
44365,r4_cp_sau,0.005829543610282902
44368,r4_cp_sau,0.0319490855431957
45338,r4_cp_sau,0.0
45339,r4_cp_sau,0.0
45340,r4_cp_sau,0.001646675448778441
66254,r4_cp_sau,0.7290144684961256
66255,r4_cp_sau,0.006452004830465251
66256,r4_cp_sau,4.793243312136826e-05
45341,r4_cp_sau,0.0
45439,r4_cp_sau,0.001932223934036292
47402,r4_cp_sau,0.17743146666607787
47404,r4_cp_sau,0.0072137131748155415
50081,r4_cp_sau,0.0
50083,r4_cp_sau,0.0
52008,r4_cp_sau,0.00022268594637816312
68002,r4_cp_sau,0.0039454751292933
52009,r4_cp_sau,0.00241008657697968
52012,r4_cp_sau,0.0
52311,r4_cp_sau,0.0002833147363948906
52312,r4_cp_sau,0.0001868927357541197
52314,r4_cp_sau,0.0005882565761997194
52318,r4_cp_sau,0.0
68302,r4_cp_sau,2.2870973763383983e-05
68304,r4_cp_sau,0.5246992434472623
68307,r4_cp_sau,0.009393792568113029
52321,r4_cp_sau,0.0
54307,r4_cp_sau,0.0
54308,r4_cp_sau,0.0
54313,r4_cp_sau,0.011991326280202965
56363,r4_cp_sau,7.206094065106229e-05
56364,r4_cp_sau,0.0003228635003367292
57003,r4_cp_sau,0.0
57004,r4_cp_sau,4.12607350709929e-05
57306,r4_cp_sau,0.00018740427957887978
57307,r4_cp_sau,8.667804558189153e-07
57308,r4_cp_sau,0.0018319055328325593
57473,r4_cp_sau,0.0003372352227731201
58180,r4_cp_sau,0.00010937041752228633
58340,r4_cp_sau,0.0
58429,r4_cp_sau,5.30870388135984e-05
59027,r4_cp_sau,0.0
60328,r4_cp_sau,0.0
61088,r4_cp_sau,0.0
61352,r4_cp_sau,0.0
61353,r4_cp_sau,0.0
61354,r4_cp_sau,0.0
61355,r4_cp_sau,0.0
62023,r4_cp_sau,0.0
62024,r4_cp_sau,0.0
62029,r4_cp_sau,0.0
62030,r4_cp_sau,0.0
69465,r4_cp_sau,0.0
70005,r4_cp_sau,0.0
70006,r4_cp_sau,0.0
70007,r4_cp_sau,0.0005533947411615394
70205,r4_cp_sau,0.0010960346084034113
62031,r4_cp_sau,0.0
62040,r4_cp_sau,0.0
62324,r4_cp_sau,0.0
62325,r4_cp_sau,0.0
62326,r4_cp_sau,0.0
63165,r4_cp_sau,0.00024361168049543975
63166,r4_cp_sau,0.0
63173,r4_cp_sau,0.0
63174,r4_cp_sau,9.052854314898931e-05
63175,r4_cp_sau,0.0003687636950399452
63176,r4_cp_sau,0.009996578904992852
63181,r4_cp_sau,0.0
71429,r4_cp_sau,4.0478621405589556e-05
71440,r4_cp_sau,0.002508164975450778
71441,r4_cp_sau,0.14741440869686526
71442,r4_cp_sau,0.00017557360669501814
63417,r4_cp_sau,0.0
63421,r4_cp_sau,0.0
64138,r4_cp_sau,0.0006820361548219703
64139,r4_cp_sau,0.0006688193808752261
64143,r4_cp_sau,0.0003517072480558128
64386,r4_cp_sau,0.05527927382832546
65381,r4_cp_sau,0.000235522249292076
65383,r4_cp_sau,0.00019549137693095485
72090,r4_cp_sau,0.0
72092,r4_cp_sau,0.0
72093,r4_cp_sau,0.0
65386,r4_cp_sau,0.12562410277417702
65387,r4_cp_sau,0.0002197286071875989
65389,r4_cp_sau,0.00024310636084449498
66257,r4_cp_sau,0.0
72345,r4_cp_sau,0.0
66470,r4_cp_sau,0.6708842868187844
66472,r4_cp_sau,0.04496879241241614
68450,r4_cp_sau,1.0028242794812543e-05
69194,r4_cp_sau,0.007814931181628732
69195,r4_cp_sau,0.0
69196,r4_cp_sau,0.0
69199,r4_cp_sau,0.00021520462431141388
70307,r4_cp_sau,0.0
70309,r4_cp_sau,0.0
71183,r4_cp_sau,0.000515355683728468
71184,r4_cp_sau,0.004413390245669763
71187,r4_cp_sau,0.00012014192731017496
71202,r4_cp_sau,0.0009124229012213471
72094,r4_cp_sau,0.0
72355,r4_cp_sau,0.0
73453,r4_cp_sau,0.0
73220,r4_cp_sau,0.07931328273113875
73230,r4_cp_sau,0.0
73454,r4_cp_sau,0.0
73455,r4_cp_sau,0.00011711274638349573
74456,r4_cp_sau,0.0
73456,r4_cp_sau,0.0
74208,r4_cp_sau,0.009499237987155369
74210,r4_cp_sau,0.0022384098498904265
74211,r4_cp_sau,0.0026691307171866226
74214,r4_cp_sau,0.001064579032264383
74225,r4_cp_sau,0.0
78055,r4_cp_sau,0.0
74228,r4_cp_sau,0.0008165239585106065
74454,r4_cp_sau,0.0
74455,r4_cp_sau,1.4600609486632595e-05
77045,r4_cp_sau,0.0
78342,r4_cp_sau,0.0002352781298336963
79109,r4_cp_sau,0.00020875653018162315
79349,r4_cp_sau,0.005495325349016054
79366,r4_cp_sau,0.00016515645088330377
79367,r4_cp_sau,0.00041576134515587573
79368,r4_cp_sau,0.00038951482026707305
77056,r4_cp_sau,0.0003743175712576948
78330,r4_cp_sau,0.0
78332,r4_cp_sau,0.0
77059,r4_cp_sau,0.0
77060,r4_cp_sau,8.862456444390387e-05
77335,r4_cp_sau,0.0
77337,r4_cp_sau,0.0001479728520114523
77338,r4_cp_sau,0.0
77339,r4_cp_sau,0.0
78053,r4_cp_sau,0.0
78054,r4_cp_sau,9.610109494288741e-05
78333,r4_cp_sau,0.00039907376805615346
79370,r4_cp_sau,0.0005549824634327705
82398,r4_cp_sau,0.023622011516016016
80037,r4_cp_sau,0.0
80327,r4_cp_sau,0.0
81151,r4_cp_sau,0.14461160454813557
81152,r4_cp_sau,0.0012367331847988774
82154,r4_cp_sau,0.0031630050432159573
82384,r4_cp_sau,0.0015970966829078393
85370,r4_cp_sau,0.0014921465518925228
85371,r4_cp_sau,0.0007648759394953061
85373,r4_cp_sau,0.0009872522219214867
86182,r4_cp_sau,0.00045142204115146824
82385,r4_cp_sau,0.0024787887362888823
82396,r4_cp_sau,0.005703881136803398
82397,r4_cp_sau,0.0001576492224653191
82399,r4_cp_sau,0.001232223153926595
83247,r4_cp_sau,0.4492443175164504
84462,r4_cp_sau,0.0
84463,r4_cp_sau,0.35534358358374557
84466,r4_cp_sau,0.30019668096623536
85110,r4_cp_sau,0.003575069726298899
85365,r4_cp_sau,0.0002423860418764966
85366,r4_cp_sau,0.005726884561276963
85368,r4_cp_sau,0.0033761240137187396
85369,r4_cp_sau,0.0017040370535614884
86347,r4_cp_sau,0.05371090371648863
86349,r4_cp_sau,0.0005887782267261443
86368,r4_cp_sau,0.00019579543259483508
88305,r4_cp_sau,0.0
88313,r4_cp_sau,0.0
88314,r4_cp_sau,0.0
89317,r4_cp_sau,2.9858960747294224e-06
89322,r4_cp_sau,0.005550186052510181
89338,r4_cp_sau,0.0005476700146506924
89340,r4_cp_sau,0.00010711322525284332
89442,r4_cp_sau,3.751515901046326e-05
89443,r4_cp_sau,0.0015807777341302117
90303,r4_cp_sau,0.0
90307,r4_cp_sau,0.0
90448,r4_cp_sau,0.0
90450,r4_cp_sau,0.0
91333,r4_cp_sau,0.0
91337,r4_cp_sau,0.0
91339,r4_cp_sau,0.0
92333,r4_cp_sau,0.0
93329,r4_cp_sau,0.0
93333,r4_cp_sau,0.0
94333,r4_cp_sau,0.0
95329,r4_cp_sau,0.0
01195,r7_sfa_sfp,0.3210307433322087
01198,r7_sfa_sfp,0.4235012875723105
01201,r7_sfa_sfp,0.3976490505178732
01215,r7_sfa_sfp,0.060058173384066986
01446,r7_sfa_sfp,0.23086069748649002
01449,r7_sfa_sfp,0.03938546754326285
01451,r7_sfa_sfp,0.09494811076604413
02034,r7_sfa_sfp,0.3105745320173646
02317,r7_sfa_sfp,0.24688071372822137
02323,r7_sfa_sfp,0.14364527821692133
02328,r7_sfa_sfp,0.23701879336287526
02329,r7_sfa_sfp,0.19516888561394052
02336,r7_sfa_sfp,0.237314790831144
03178,r7_sfa_sfp,0.1465854971623253
03425,r7_sfa_sfp,0.08852578742041879
03426,r7_sfa_sfp,0.15668296304685428
03428,r7_sfa_sfp,0.14571457807109864
03429,r7_sfa_sfp,0.1596840636342918
04233,r7_sfa_sfp,0.05049130280345306
04459,r7_sfa_sfp,0.01792706442721232
04460,r7_sfa_sfp,0.007783419638847354
04462,r7_sfa_sfp,0.043246551001754514
05235,r7_sfa_sfp,0.025784606134783113
11472,r7_sfa_sfp,0.009127225843044703
15167,r7_sfa_sfp,0.06444756792555476
15409,r7_sfa_sfp,0.24674002485589525
05463,r7_sfa_sfp,0.02527381813339526
06245,r7_sfa_sfp,2.617659043322511e-06
06249,r7_sfa_sfp,0.0038282343512840637
06250,r7_sfa_sfp,0.002299225990093474
07171,r7_sfa_sfp,0.04243729743173975
07422,r7_sfa_sfp,0.0318139049241007
07425,r7_sfa_sfp,0.07178634424071569
07465,r7_sfa_sfp,0.11779159519098283
08021,r7_sfa_sfp,0.06904392179668502
08022,r7_sfa_sfp,0.12189454420910313
08315,r7_sfa_sfp,0.15003882179165062
08317,r7_sfa_sfp,0.16707883875550888
08323,r7_sfa_sfp,0.07649356627303566
09390,r7_sfa_sfp,0.2512490327212192
09392,r7_sfa_sfp,0.10013022146068565
09393,r7_sfa_sfp,0.019731710474264492
09472,r7_sfa_sfp,0.0006023334041357126
10011,r7_sfa_sfp,0.11271248013641952
10013,r7_sfa_sfp,0.21670230016505274
13468,r7_sfa_sfp,0.04330809586371698
14085,r7_sfa_sfp,0.2720364730176327
14353,r7_sfa_sfp,0.13452015380993715
14354,r7_sfa_sfp,0.33880936722467375
14355,r7_sfa_sfp,0.29739112014507496
16112,r7_sfa_sfp,0.23793621385407793
16113,r7_sfa_sfp,0.3265411638442671
16367,r7_sfa_sfp,0.3183883976409646
16377,r7_sfa_sfp,0.31137135121120896
16432,r7_sfa_sfp,0.3288098344447912
16438,r7_sfa_sfp,0.3342268956037476
17111,r7_sfa_sfp,0.05415489983245978
17369,r7_sfa_sfp,0.14040035035342494
18439,r7_sfa_sfp,0.13637385285231193
19408,r7_sfa_sfp,0.062319699913239684
19409,r7_sfa_sfp,0.1452054505686961
19421,r7_sfa_sfp,0.008536405848197096
19430,r7_sfa_sfp,0.06897414466228158
19432,r7_sfa_sfp,0.11609070314364765
19433,r7_sfa_sfp,0.10197006454941095
21010,r7_sfa_sfp,0.1851853788105646
22362,r7_sfa_sfp,0.6070330325947023
23428,r7_sfa_sfp,0.20041419693288534
23430,r7_sfa_sfp,0.07732797054054559
26234,r7_sfa_sfp,0.017552385491069366
26240,r7_sfa_sfp,0.14459630549238955
26463,r7_sfa_sfp,0.023517009344065698
26464,r7_sfa_sfp,0.1229441579900612
27044,r7_sfa_sfp,0.26796608415211154
26242,r7_sfa_sfp,0.18190667397402346
26243,r7_sfa_sfp,0.04337348502362344
26453,r7_sfa_sfp,0.04075184909672121
27052,r7_sfa_sfp,0.22139213845630829
27077,r7_sfa_sfp,0.20676536122935116
27078,r7_sfa_sfp,0.2767714557492353
27079,r7_sfa_sfp,0.30840188713483113
27080,r7_sfa_sfp,0.2675565995422477
27352,r7_sfa_sfp,0.23500311858820258
27353,r7_sfa_sfp,0.1776702198772831
28076,r7_sfa_sfp,0.2830818483771911
28334,r7_sfa_sfp,0.20649576673654452
28341,r7_sfa_sfp,0.5821750789633733
28342,r7_sfa_sfp,0.3989779059094999
28351,r7_sfa_sfp,0.167053676052479
27332,r7_sfa_sfp,0.3537819234313391
32388,r7_sfa_sfp,0.22653410364579188
33114,r7_sfa_sfp,0.08377485488555989
33121,r7_sfa_sfp,0.1921238645636899
33122,r7_sfa_sfp,0.19001835766493064
29103,r7_sfa_sfp,0.5123834305432907
29358,r7_sfa_sfp,0.5074082932074568
29360,r7_sfa_sfp,0.39251996601262
29361,r7_sfa_sfp,0.578653903367834
29362,r7_sfa_sfp,0.5850151932712835
29363,r7_sfa_sfp,0.5537301286637436
2A258,r7_sfa_sfp,0.004796853134686295
2A259,r7_sfa_sfp,0.00421417975358632
2A260,r7_sfa_sfp,0.0009348035277121232
2B258,r7_sfa_sfp,0.03836700020292841
2B259,r7_sfa_sfp,0.006645329851117586
2B260,r7_sfa_sfp,0.003141231313399436
30410,r7_sfa_sfp,0.008971960164160695
33128,r7_sfa_sfp,0.38785498772566407
30416,r7_sfa_sfp,0.12758139951608718
32383,r7_sfa_sfp,0.1976538708426848
33118,r7_sfa_sfp,0.2333813634385421
33119,r7_sfa_sfp,0.15309112504495317
27051,r7_sfa_sfp,0.07459831955431309
33137,r7_sfa_sfp,0.16200625311738326
33376,r7_sfa_sfp,0.06726258766877996
33378,r7_sfa_sfp,0.3742501443969627
34412,r7_sfa_sfp,0.07908242778608383
34414,r7_sfa_sfp,0.01755330772129227
34415,r7_sfa_sfp,0.039510912982096705
34416,r7_sfa_sfp,0.018658542108913278
34470,r7_sfa_sfp,0.025628441971869375
34471,r7_sfa_sfp,0.09189506272351522
35097,r7_sfa_sfp,0.6297299514139157
41435,r7_sfa_sfp,0.2491098519835401
42168,r7_sfa_sfp,0.17154060637456645
42170,r7_sfa_sfp,0.17741447970401986
42189,r7_sfa_sfp,0.11669142443242807
42190,r7_sfa_sfp,0.09193884827522067
37344,r7_sfa_sfp,0.1632969256630303
37346,r7_sfa_sfp,0.21649890468643285
37348,r7_sfa_sfp,0.31138071490275
37435,r7_sfa_sfp,0.3363467656956353
38199,r7_sfa_sfp,0.17468630571557683
38217,r7_sfa_sfp,0.1288843562403112
38453,r7_sfa_sfp,0.027361732086049338
38457,r7_sfa_sfp,0.01950297914025882
38465,r7_sfa_sfp,0.3356542956342154
39207,r7_sfa_sfp,0.13033891045932613
40133,r7_sfa_sfp,0.3373921259990748
47398,r7_sfa_sfp,0.28121225385199045
47399,r7_sfa_sfp,0.16620721261133173
47400,r7_sfa_sfp,0.2682372436767326
40378,r7_sfa_sfp,0.3352505725590118
58185,r7_sfa_sfp,0.10813673121632147
58188,r7_sfa_sfp,0.05222793568810718
40382,r7_sfa_sfp,0.2829387715675884
40387,r7_sfa_sfp,0.24734952644244945
40388,r7_sfa_sfp,0.32047567712432135
64140,r7_sfa_sfp,0.007374423596844858
64141,r7_sfa_sfp,0.15565389975836702
64142,r7_sfa_sfp,0.0022196288464365866
42192,r7_sfa_sfp,0.13405158571925188
44104,r7_sfa_sfp,0.5431498911266559
44105,r7_sfa_sfp,0.5132858653700682
44106,r7_sfa_sfp,0.2384967362086899
44108,r7_sfa_sfp,0.47569797480246
44356,r7_sfa_sfp,0.4796769994689606
44363,r7_sfa_sfp,0.47185596287160964
44364,r7_sfa_sfp,0.4239139951799942
44373,r7_sfa_sfp,0.36146651361691545
45063,r7_sfa_sfp,0.27042217263212964
45067,r7_sfa_sfp,0.31176559077043525
45342,r7_sfa_sfp,0.35732838686147156
45343,r7_sfa_sfp,0.21428743564595465
46159,r7_sfa_sfp,0.09065889828513175
46160,r7_sfa_sfp,0.13019030330590609
46394,r7_sfa_sfp,0.07027919906649241
46396,r7_sfa_sfp,0.22198752204538547
46407,r7_sfa_sfp,0.0978646787641227
46408,r7_sfa_sfp,0.0795145978790147
46409,r7_sfa_sfp,0.16385316073194647
47156,r7_sfa_sfp,0.21074051339248584
47157,r7_sfa_sfp,0.24181137087673935
47378,r7_sfa_sfp,0.2539956930717078
27351,r7_sfa_sfp,0.35979767990806816
48410,r7_sfa_sfp,0.015948853940076807
48411,r7_sfa_sfp,0.046540583502980064
48418,r7_sfa_sfp,0.07860770786855471
48419,r7_sfa_sfp,0.010150381606270974
49344,r7_sfa_sfp,0.4290808349187727
49345,r7_sfa_sfp,0.3327189775937997
49347,r7_sfa_sfp,0.39769604861420604
49356,r7_sfa_sfp,0.3884751351705474
49373,r7_sfa_sfp,0.34543055592477495
50082,r7_sfa_sfp,0.307454176484483
50084,r7_sfa_sfp,0.23262418820573624
50086,r7_sfa_sfp,0.34104529973903835
50087,r7_sfa_sfp,0.4752413943321791
50354,r7_sfa_sfp,0.4835065341666839
51016,r7_sfa_sfp,0.08311393666650473
51017,r7_sfa_sfp,0.11162312021437655
51018,r7_sfa_sfp,0.08471934014840793
51315,r7_sfa_sfp,0.07863461033730057
51317,r7_sfa_sfp,0.05034779017545669
51318,r7_sfa_sfp,0.10390806375726677
51321,r7_sfa_sfp,0.20091891058361613
51335,r7_sfa_sfp,0.16750076928463892
51336,r7_sfa_sfp,0.1198107550930044
68301,r7_sfa_sfp,0.38958491298839715
52310,r7_sfa_sfp,0.11892418076832033
68303,r7_sfa_sfp,0.2740144966413685
52322,r7_sfa_sfp,0.1462555887207593
53095,r7_sfa_sfp,0.33209950429929347
53096,r7_sfa_sfp,0.3840223560521396
53356,r7_sfa_sfp,0.5371666470957537
53357,r7_sfa_sfp,0.4884322630625131
54305,r7_sfa_sfp,0.19455038385239348
54306,r7_sfa_sfp,0.1936598171531252
54316,r7_sfa_sfp,0.2783806048782031
55308,r7_sfa_sfp,0.17033126299909268
55314,r7_sfa_sfp,0.19622823434852388
55315,r7_sfa_sfp,0.18623817511770552
55316,r7_sfa_sfp,0.2550774030656979
56359,r7_sfa_sfp,0.6256934443906544
56362,r7_sfa_sfp,0.5889657573670393
58443,r7_sfa_sfp,0.07442855306666878
59025,r7_sfa_sfp,0.48585886511774995
59026,r7_sfa_sfp,0.44258367563798967
59028,r7_sfa_sfp,0.34512436642669964
59033,r7_sfa_sfp,0.2333110028810013
59323,r7_sfa_sfp,0.13646035326636846
59324,r7_sfa_sfp,0.4703019206737707
59325,r7_sfa_sfp,0.47550555286975565
59326,r7_sfa_sfp,0.42862467809325394
60041,r7_sfa_sfp,0.333873843813908
60042,r7_sfa_sfp,0.3158938281204783
60043,r7_sfa_sfp,0.24366151360407956
60327,r7_sfa_sfp,0.29562442692637153
60329,r7_sfa_sfp,0.4670782826940722
60330,r7_sfa_sfp,0.3566797709683083
60331,r7_sfa_sfp,0.13801446479439836
61351,r7_sfa_sfp,0.25188168056906035
62032,r7_sfa_sfp,0.3549640922658077
62039,r7_sfa_sfp,0.27254700233987117
70448,r7_sfa_sfp,0.14759460101648933
71443,r7_sfa_sfp,0.07849124754489818
71444,r7_sfa_sfp,0.07641163726984886
71446,r7_sfa_sfp,0.1869504873454733
72089,r7_sfa_sfp,0.3093954454257285
63425,r7_sfa_sfp,0.07388686604740577
63426,r7_sfa_sfp,0.3337089507481675
63427,r7_sfa_sfp,0.10507543437924667
63428,r7_sfa_sfp,0.09698266170159993
64379,r7_sfa_sfp,0.1878802942036918
64380,r7_sfa_sfp,0.3282933361518449
64381,r7_sfa_sfp,0.341663300727166
64382,r7_sfa_sfp,0.33477809635405403
65146,r7_sfa_sfp,0.006823138140790183
65148,r7_sfa_sfp,0.16532383839204104
65150,r7_sfa_sfp,0.23718129968530752
72091,r7_sfa_sfp,0.30618366282234966
66252,r7_sfa_sfp,0.06009869677313855
66253,r7_sfa_sfp,0.003570144084389145
72350,r7_sfa_sfp,0.22519770709671566
72351,r7_sfa_sfp,0.23543819412874836
72354,r7_sfa_sfp,0.2219428965392661
67301,r7_sfa_sfp,0.3021318510617929
67302,r7_sfa_sfp,0.40898106142053653
67304,r7_sfa_sfp,0.17236852002091924
67307,r7_sfa_sfp,0.04129403799772777
67473,r7_sfa_sfp,0.09585286630134301
68001,r7_sfa_sfp,0.6870795789500929
69200,r7_sfa_sfp,0.16572044428339777
69444,r7_sfa_sfp,0.1206117983696592
69445,r7_sfa_sfp,0.14947144544538937
73219,r7_sfa_sfp,0.05618707865974711
73229,r7_sfa_sfp,0.002690253339931321
73451,r7_sfa_sfp,0.11977911900612173
74458,r7_sfa_sfp,0.0009687452823314741
76046,r7_sfa_sfp,0.2805173028253343
76047,r7_sfa_sfp,0.22847556864155244
76048,r7_sfa_sfp,0.2926027172385285
76049,r7_sfa_sfp,0.30992312344342354
76331,r7_sfa_sfp,0.23863635731922528
76332,r7_sfa_sfp,0.24342245267692425
73458,r7_sfa_sfp,4.785074979110767e-05
74218,r7_sfa_sfp,0.1088144004986569
74222,r7_sfa_sfp,0.08243646760084011
74223,r7_sfa_sfp,0.007642926386365668
74224,r7_sfa_sfp,0.0022141740110559723
74226,r7_sfa_sfp,0.13781955291390496
74227,r7_sfa_sfp,0.0007749620006400773
77057,r7_sfa_sfp,0.27891402096117845
77058,r7_sfa_sfp,0.41658317987913335
77061,r7_sfa_sfp,0.2761167126835444
77062,r7_sfa_sfp,0.2543440368504432
77064,r7_sfa_sfp,0.2173050786270965
77320,r7_sfa_sfp,0.19785751277481672
77329,r7_sfa_sfp,0.4450268342379764
77336,r7_sfa_sfp,0.19987252919090767
78334,r7_sfa_sfp,0.1299632274210774
79371,r7_sfa_sfp,0.3914572112412198
79373,r7_sfa_sfp,0.3153601529578862
80035,r7_sfa_sfp,0.49466182428385785
80036,r7_sfa_sfp,0.3413453277048237
80038,r7_sfa_sfp,0.31012827121002556
81153,r7_sfa_sfp,0.25931524139899675
81391,r7_sfa_sfp,0.27402810004148315
81395,r7_sfa_sfp,0.10250609011124998
81409,r7_sfa_sfp,0.2072118695895893
81412,r7_sfa_sfp,0.2749643090423054
81413,r7_sfa_sfp,0.1861007590250887
83248,r7_sfa_sfp,0.020393319485452626
83460,r7_sfa_sfp,0.021201646835795365
83468,r7_sfa_sfp,0.017635457401788943
83469,r7_sfa_sfp,0.0167482452688202
84238,r7_sfa_sfp,0.03851339115669996
37072,r7_sfa_sfp,0.1581521201305739
82155,r7_sfa_sfp,0.15308569917266332
69197,r7_sfa_sfp,0.31804438411113284
82390,r7_sfa_sfp,0.2491719363712999
82391,r7_sfa_sfp,0.22392239016146973
82395,r7_sfa_sfp,0.10240212638675131
86372,r7_sfa_sfp,0.4130011412164737
86438,r7_sfa_sfp,0.37879900993525
87430,r7_sfa_sfp,0.18261004764121314
87431,r7_sfa_sfp,0.270490534396392
87432,r7_sfa_sfp,0.20966891837350715
70447,r7_sfa_sfp,0.22939396486551303
95332,r7_sfa_sfp,0.5853473272975087
95333,r7_sfa_sfp,0.22027134924832056
84464,r7_sfa_sfp,0.11136483598030598
84467,r7_sfa_sfp,0.14336729441020202
86348,r7_sfa_sfp,0.32930925817048295
88306,r7_sfa_sfp,0.18814004407605717
88307,r7_sfa_sfp,0.11217669492475596
88309,r7_sfa_sfp,0.19880355299633043
88310,r7_sfa_sfp,0.16009201128818537
89186,r7_sfa_sfp,0.09759018012190974
89319,r7_sfa_sfp,0.18134258098626452
89320,r7_sfa_sfp,0.29913605093503426
16375,r7_sfa_sfp,0.43876384098863364
17374,r7_sfa_sfp,0.23432167849773333
17375,r7_sfa_sfp,0.23075588853303913
17376,r7_sfa_sfp,0.12239622714795793
17377,r7_sfa_sfp,0.1943471476673466
18066,r7_sfa_sfp,0.10230138753268397
18179,r7_sfa_sfp,0.07312268839281147
18343,r7_sfa_sfp,0.2421855179106812
18434,r7_sfa_sfp,0.15606753508188562
18436,r7_sfa_sfp,0.13854582567464307
19394,r7_sfa_sfp,0.08090503035010867
91055,r7_sfa_sfp,0.28386215125491737
91342,r7_sfa_sfp,0.3108823390953898
95330,r7_sfa_sfp,0.32487239457332506
01216,r7_sfa_sfp,0.16336537714923116
04466,r7_sfa_sfp,0.06028446263123687
05231,r7_sfa_sfp,0.0001978478738419362
05457,r7_sfa_sfp,0.000430984943323048
05459,r7_sfa_sfp,0.038188989170081254
19403,r7_sfa_sfp,0.04735537552059281
05232,r7_sfa_sfp,0.002103686776032844
10317,r7_sfa_sfp,0.15056180599656022
10318,r7_sfa_sfp,0.18526889619304548
10319,r7_sfa_sfp,0.15190692635000871
05236,r7_sfa_sfp,0.012692049686919796
15164,r7_sfa_sfp,0.14686568488498783
15417,r7_sfa_sfp,0.014471100295025102
15418,r7_sfa_sfp,0.14862778745398397
05237,r7_sfa_sfp,0.006350632212903428
05239,r7_sfa_sfp,0.05850310638945804
05461,r7_sfa_sfp,0.010372554685386363
07169,r7_sfa_sfp,0.018586454858136533
07423,r7_sfa_sfp,0.007900556074865497
07424,r7_sfa_sfp,0.0288295065981405
10014,r7_sfa_sfp,0.14576223253939416
10015,r7_sfa_sfp,0.23085272217706235
10019,r7_sfa_sfp,0.2035895955754209
10020,r7_sfa_sfp,0.2166161594988064
10335,r7_sfa_sfp,0.17318508766325688
11391,r7_sfa_sfp,0.21783779855613522
11392,r7_sfa_sfp,0.06957559017059593
11413,r7_sfa_sfp,0.14356901270058517
11470,r7_sfa_sfp,0.06200298875113626
11471,r7_sfa_sfp,0.08456309229416964
12161,r7_sfa_sfp,0.129597149688213
12162,r7_sfa_sfp,0.34088522912520636
12397,r7_sfa_sfp,0.12817505320508923
12407,r7_sfa_sfp,0.13545241383498735
12409,r7_sfa_sfp,0.3013787544221938
12411,r7_sfa_sfp,0.09759145772914525
12412,r7_sfa_sfp,0.2147747187420175
12419,r7_sfa_sfp,0.04724822376810938
13244,r7_sfa_sfp,0.037225749744783494
13246,r7_sfa_sfp,0.01643776581087858
13466,r7_sfa_sfp,0.03732141147559714
13467,r7_sfa_sfp,0.058736917015360865
13469,r7_sfa_sfp,0.008487043551041509
15163,r7_sfa_sfp,0.09044897747268489
15419,r7_sfa_sfp,0.047511385127457055
15420,r7_sfa_sfp,0.02623458886502207
15421,r7_sfa_sfp,0.022153472879620568
15433,r7_sfa_sfp,0.08783842561386199
19420,r7_sfa_sfp,0.11556177307453802
21204,r7_sfa_sfp,0.24979185533555875
21311,r7_sfa_sfp,0.10729165901540787
16371,r7_sfa_sfp,0.3930431320167069
16372,r7_sfa_sfp,0.32085992532449
21312,r7_sfa_sfp,0.1433551729173216
18437,r7_sfa_sfp,0.15202396568126395
21322,r7_sfa_sfp,0.14099959854016847
21440,r7_sfa_sfp,0.23146723253858947
21441,r7_sfa_sfp,0.048339851931704876
21442,r7_sfa_sfp,0.03825665051563545
21443,r7_sfa_sfp,0.06462986922632778
22358,r7_sfa_sfp,0.657505556380054
22359,r7_sfa_sfp,0.6781165996761904
22360,r7_sfa_sfp,0.5859356182903391
22361,r7_sfa_sfp,0.5970263567536231
23431,r7_sfa_sfp,0.158515382635318
23432,r7_sfa_sfp,0.1639033701583706
23437,r7_sfa_sfp,0.19919057161644804
24158,r7_sfa_sfp,0.20167273105557249
24394,r7_sfa_sfp,0.07663751011372918
24401,r7_sfa_sfp,0.1977338121333987
24403,r7_sfa_sfp,0.11906520980761269
24404,r7_sfa_sfp,0.11099642136177938
24405,r7_sfa_sfp,0.15848909879861292
24406,r7_sfa_sfp,0.17209177342532278
24432,r7_sfa_sfp,0.14739324313544802
25447,r7_sfa_sfp,0.1816286218682779
25449,r7_sfa_sfp,0.0006858282708008595
25450,r7_sfa_sfp,0.14722741597391842
25452,r7_sfa_sfp,0.016333930315347613
26221,r7_sfa_sfp,0.07684868785048163
26461,r7_sfa_sfp,0.008909969269116575
26241,r7_sfa_sfp,0.12908398119314993
27050,r7_sfa_sfp,0.23903579068828526
27330,r7_sfa_sfp,0.263658446830243
29100,r7_sfa_sfp,0.6438458523450945
33120,r7_sfa_sfp,0.10534749128229792
29101,r7_sfa_sfp,0.3883038990712758
33123,r7_sfa_sfp,0.3253078272427588
29102,r7_sfa_sfp,0.40611665635991134
30411,r7_sfa_sfp,0.038105082608633434
33127,r7_sfa_sfp,0.22024873817543855
30414,r7_sfa_sfp,0.017048043855127877
30415,r7_sfa_sfp,0.06501485401987411
30422,r7_sfa_sfp,0.13477693560163403
30465,r7_sfa_sfp,0.16126958776551628
30471,r7_sfa_sfp,0.11227568643861116
31385,r7_sfa_sfp,0.23750258938008026
31389,r7_sfa_sfp,0.17781789760770325
31390,r7_sfa_sfp,0.27219022304113144
31391,r7_sfa_sfp,0.30172687570325374
31392,r7_sfa_sfp,0.17898311436843953
31393,r7_sfa_sfp,0.10102528395565462
31472,r7_sfa_sfp,0.009586209268449357
32147,r7_sfa_sfp,0.21978563617675506
32149,r7_sfa_sfp,0.21339663494946368
32384,r7_sfa_sfp,0.2177212869512831
32385,r7_sfa_sfp,0.2596719296055803
32386,r7_sfa_sfp,0.23534200037521066
32387,r7_sfa_sfp,0.18612475749513224
33115,r7_sfa_sfp,0.03752530677021222
33116,r7_sfa_sfp,0.08060482069895727
33117,r7_sfa_sfp,0.20028867952916557
33124,r7_sfa_sfp,0.19412144854807087
33405,r7_sfa_sfp,0.24987568568104307
33125,r7_sfa_sfp,0.20738817833439335
41341,r7_sfa_sfp,0.5868959275479871
41343,r7_sfa_sfp,0.21319951286295036
41346,r7_sfa_sfp,0.26480971273392184
41350,r7_sfa_sfp,0.1635788865637262
41351,r7_sfa_sfp,0.32028271167381317
33126,r7_sfa_sfp,0.1516285045835955
33129,r7_sfa_sfp,0.2695392384126035
33135,r7_sfa_sfp,0.22446854889449416
33136,r7_sfa_sfp,0.1792315482285927
33400,r7_sfa_sfp,0.3359001003022984
33401,r7_sfa_sfp,0.20182297751100012
33402,r7_sfa_sfp,0.23973389077055443
33406,r7_sfa_sfp,0.05285754457630958
35098,r7_sfa_sfp,0.758850303173678
35099,r7_sfa_sfp,0.4705347490614175
35357,r7_sfa_sfp,0.5799031998351611
35358,r7_sfa_sfp,0.5128938512769904
35359,r7_sfa_sfp,0.6680885860084225
35363,r7_sfa_sfp,0.6532312346701498
36434,r7_sfa_sfp,0.21373934528456945
36435,r7_sfa_sfp,0.2845219859647414
36436,r7_sfa_sfp,0.16293687708559895
36438,r7_sfa_sfp,0.19024979041252002
37069,r7_sfa_sfp,0.3860218284766594
37070,r7_sfa_sfp,0.35434332717778244
41434,r7_sfa_sfp,0.186655676382031
37071,r7_sfa_sfp,0.16452811253108954
37073,r7_sfa_sfp,0.1435440616303076
73213,r7_sfa_sfp,0.11395628750162326
37074,r7_sfa_sfp,0.1760682536154761
43417,r7_sfa_sfp,0.06256260190895487
43418,r7_sfa_sfp,0.11674008777290784
43423,r7_sfa_sfp,0.029769599452682746
43424,r7_sfa_sfp,0.1911800185361666
43425,r7_sfa_sfp,0.19671117549184564
39203,r7_sfa_sfp,0.17252192956765944
39206,r7_sfa_sfp,0.20270251076912346
39209,r7_sfa_sfp,0.17488828466499204
39212,r7_sfa_sfp,0.16560606636029904
39446,r7_sfa_sfp,0.2101244695501319
39447,r7_sfa_sfp,0.17325273940144578
39449,r7_sfa_sfp,0.002150713484092981
39451,r7_sfa_sfp,0.11130282832097463
39452,r7_sfa_sfp,0.03412396460523371
40130,r7_sfa_sfp,0.09494916409381088
40131,r7_sfa_sfp,0.23753869819157386
47394,r7_sfa_sfp,0.15547203046533847
40132,r7_sfa_sfp,0.19090413565579034
40134,r7_sfa_sfp,0.4315924573683333
40144,r7_sfa_sfp,0.25347110663113975
47401,r7_sfa_sfp,0.23839483139023676
40145,r7_sfa_sfp,0.23407175760919965
40379,r7_sfa_sfp,0.22494160904277022
40380,r7_sfa_sfp,0.22955787461598604
41065,r7_sfa_sfp,0.2933478567032074
41068,r7_sfa_sfp,0.29232994480444663
41075,r7_sfa_sfp,0.2851606984142471
42191,r7_sfa_sfp,0.057543922280158886
42193,r7_sfa_sfp,0.2593600832573359
42425,r7_sfa_sfp,0.18200600539745626
42445,r7_sfa_sfp,0.1700151545187006
42465,r7_sfa_sfp,0.27332039469922864
43172,r7_sfa_sfp,0.1304145336351151
43177,r7_sfa_sfp,0.17901561687220738
43427,r7_sfa_sfp,0.3333002843894126
44107,r7_sfa_sfp,0.30169628713417923
44365,r7_sfa_sfp,0.37505819380998107
44368,r7_sfa_sfp,0.5402951028432416
45338,r7_sfa_sfp,0.33005374102402313
45339,r7_sfa_sfp,0.34255399651384655
45340,r7_sfa_sfp,0.28161626351075364
66254,r7_sfa_sfp,0.0
66255,r7_sfa_sfp,0.0009659048792154142
66256,r7_sfa_sfp,0.003273101608100217
45341,r7_sfa_sfp,0.6541957509988289
45439,r7_sfa_sfp,0.20746675449422147
47402,r7_sfa_sfp,0.1834344477165501
47404,r7_sfa_sfp,0.1529033561019564
50081,r7_sfa_sfp,0.2984818944172284
50083,r7_sfa_sfp,0.30589285374114267
52008,r7_sfa_sfp,0.10252914070066134
68002,r7_sfa_sfp,0.203709365145649
52009,r7_sfa_sfp,0.09926734481055706
52012,r7_sfa_sfp,0.26003790677014293
52311,r7_sfa_sfp,0.1317902571719302
52312,r7_sfa_sfp,0.1305546195434395
52314,r7_sfa_sfp,0.16190682944958013
52318,r7_sfa_sfp,0.32039144924113055
68302,r7_sfa_sfp,0.33479298872556446
68304,r7_sfa_sfp,0.17109168588952103
68307,r7_sfa_sfp,0.013114393581709065
52321,r7_sfa_sfp,0.29923400336877165
54307,r7_sfa_sfp,0.2129801695876447
54308,r7_sfa_sfp,0.2467036461711975
54313,r7_sfa_sfp,0.22576420090405788
56363,r7_sfa_sfp,0.5539855972047952
56364,r7_sfa_sfp,0.49881065621965126
57003,r7_sfa_sfp,0.2444615865123479
57004,r7_sfa_sfp,0.1812419628927803
57306,r7_sfa_sfp,0.22366722830504013
57307,r7_sfa_sfp,0.12012351385925035
57308,r7_sfa_sfp,0.2300592503166543
57473,r7_sfa_sfp,0.20720090839859617
58180,r7_sfa_sfp,0.0997274846547125
58340,r7_sfa_sfp,0.11190459400662836
58429,r7_sfa_sfp,0.1281127985141175
59027,r7_sfa_sfp,0.38909880027174976
60328,r7_sfa_sfp,0.294020116053725
61088,r7_sfa_sfp,0.13850981045609848
61352,r7_sfa_sfp,0.23256689731556793
61353,r7_sfa_sfp,0.142314376886886
61354,r7_sfa_sfp,0.34709618473793225
61355,r7_sfa_sfp,0.23142274122127177
62023,r7_sfa_sfp,0.3535798493136046
62024,r7_sfa_sfp,0.28883107417384013
62029,r7_sfa_sfp,0.28505518847645334
62030,r7_sfa_sfp,0.31859015312217814
69465,r7_sfa_sfp,0.5631235829630529
70005,r7_sfa_sfp,0.1313963231319303
70006,r7_sfa_sfp,0.09136548102118401
70007,r7_sfa_sfp,0.15044458021518356
70205,r7_sfa_sfp,0.2348812577319032
62031,r7_sfa_sfp,0.48116846180923056
62040,r7_sfa_sfp,0.19180318935742946
62324,r7_sfa_sfp,0.44996072408684756
62325,r7_sfa_sfp,0.3335052599720794
62326,r7_sfa_sfp,0.4998735193999324
63165,r7_sfa_sfp,0.01952790358961437
63166,r7_sfa_sfp,0.005272690313599715
63173,r7_sfa_sfp,0.08332608054949774
63174,r7_sfa_sfp,0.07924730994087313
63175,r7_sfa_sfp,0.11793678496887275
63176,r7_sfa_sfp,0.11923586642732331
63181,r7_sfa_sfp,0.12048602784704218
71429,r7_sfa_sfp,0.10966434224722017
71440,r7_sfa_sfp,0.19450117411644788
71441,r7_sfa_sfp,0.04248428081102749
71442,r7_sfa_sfp,0.06642941717807968
63417,r7_sfa_sfp,0.0002710407415390555
63421,r7_sfa_sfp,0.0
64138,r7_sfa_sfp,0.08402017605344687
64139,r7_sfa_sfp,0.063704288086832
64143,r7_sfa_sfp,0.16826943136429845
64386,r7_sfa_sfp,0.29078732457712925
65381,r7_sfa_sfp,0.36776703167141334
65383,r7_sfa_sfp,0.2764155733621924
72090,r7_sfa_sfp,0.35862748937722044
72092,r7_sfa_sfp,0.2709394250015225
72093,r7_sfa_sfp,0.2015585952268761
65386,r7_sfa_sfp,0.2943736258641252
65387,r7_sfa_sfp,0.3800337617319544
65389,r7_sfa_sfp,0.22322129007309807
66257,r7_sfa_sfp,0.0020722171601283063
72345,r7_sfa_sfp,0.2727819879030793
66470,r7_sfa_sfp,0.003425211881291268
66472,r7_sfa_sfp,0.0028980203764206506
68450,r7_sfa_sfp,0.16521796165084737
69194,r7_sfa_sfp,0.20936152912553815
69195,r7_sfa_sfp,0.6568886254339015
69196,r7_sfa_sfp,0.5152287154440934
69199,r7_sfa_sfp,0.4640083604398122
70307,r7_sfa_sfp,0.040020540789357954
70309,r7_sfa_sfp,0.1138097216484685
71183,r7_sfa_sfp,0.02381991579228442
71184,r7_sfa_sfp,0.04783250429419758
71187,r7_sfa_sfp,0.05836017122475112
71202,r7_sfa_sfp,0.21146492297412509
72094,r7_sfa_sfp,0.41121869437685127
72355,r7_sfa_sfp,0.3001172432417209
73453,r7_sfa_sfp,0.013256134491551256
73220,r7_sfa_sfp,0.07358471836312307
73230,r7_sfa_sfp,2.157222951682046e-05
73454,r7_sfa_sfp,0.0004392691606303437
73455,r7_sfa_sfp,0.0910490391091104
74456,r7_sfa_sfp,0.004809226070067361
73456,r7_sfa_sfp,0.007249009948993955
74208,r7_sfa_sfp,0.2386818943250993
74210,r7_sfa_sfp,0.21992877165053518
74211,r7_sfa_sfp,0.18736139054845763
74214,r7_sfa_sfp,0.12105783761260977
74225,r7_sfa_sfp,0.03920113957518735
78055,r7_sfa_sfp,0.3854780640942085
74228,r7_sfa_sfp,0.05412970742626203
74454,r7_sfa_sfp,0.01664486627982078
74455,r7_sfa_sfp,0.17401867596647982
77045,r7_sfa_sfp,0.2678965261837431
78342,r7_sfa_sfp,0.17871853405011418
79109,r7_sfa_sfp,0.2887711821506609
79349,r7_sfa_sfp,0.38841092357861806
79366,r7_sfa_sfp,0.31727682131338897
79367,r7_sfa_sfp,0.3724632582808129
79368,r7_sfa_sfp,0.3869114758536001
77056,r7_sfa_sfp,0.14996202644400963
78330,r7_sfa_sfp,0.2544147325321745
78332,r7_sfa_sfp,0.3580486025421931
77059,r7_sfa_sfp,0.32385297350930264
77060,r7_sfa_sfp,0.21628177257809372
77335,r7_sfa_sfp,0.40059940409866485
77337,r7_sfa_sfp,0.2737839263865433
77338,r7_sfa_sfp,0.21004892805126976
77339,r7_sfa_sfp,0.3119269629151209
78053,r7_sfa_sfp,0.24741630319655897
78054,r7_sfa_sfp,0.19656917428469212
78333,r7_sfa_sfp,0.12416437446212716
79370,r7_sfa_sfp,0.19180879855371663
82398,r7_sfa_sfp,0.22206455619600696
80037,r7_sfa_sfp,0.1602452738382977
80327,r7_sfa_sfp,0.42598770286473825
81151,r7_sfa_sfp,0.2965401943214467
81152,r7_sfa_sfp,0.2892734021352248
82154,r7_sfa_sfp,0.22349665582354034
82384,r7_sfa_sfp,0.20637724399551252
85370,r7_sfa_sfp,0.2704753788340554
85371,r7_sfa_sfp,0.3940535261850323
85373,r7_sfa_sfp,0.3102557207561214
86182,r7_sfa_sfp,0.3900487069392431
82385,r7_sfa_sfp,0.08541386037963117
82396,r7_sfa_sfp,0.15836964710229887
82397,r7_sfa_sfp,0.10622451122242833
82399,r7_sfa_sfp,0.15636870402735323
83247,r7_sfa_sfp,0.002660374637550383
84462,r7_sfa_sfp,0.02721270636137177
84463,r7_sfa_sfp,0.015018255602445919
84466,r7_sfa_sfp,0.060042284620161285
85110,r7_sfa_sfp,0.31720405064381996
85365,r7_sfa_sfp,0.08295103396232707
85366,r7_sfa_sfp,0.39354234931999665
85368,r7_sfa_sfp,0.4058807345095247
85369,r7_sfa_sfp,0.1680756214357309
86347,r7_sfa_sfp,0.22564488068927413
86349,r7_sfa_sfp,0.4120270203426821
86368,r7_sfa_sfp,0.4338032382367115
88305,r7_sfa_sfp,0.2758603644857654
88313,r7_sfa_sfp,0.18460387664680225
88314,r7_sfa_sfp,0.229726378709851
89317,r7_sfa_sfp,0.07762259629838596
89322,r7_sfa_sfp,0.1440682678578598
89338,r7_sfa_sfp,0.30467714342688657
89340,r7_sfa_sfp,0.1948358102771027
89442,r7_sfa_sfp,0.04971266603417604
89443,r7_sfa_sfp,0.06708075690936947
90303,r7_sfa_sfp,0.2698508684328349
90307,r7_sfa_sfp,0.01137980839303241
90448,r7_sfa_sfp,0.18365592582484322
90450,r7_sfa_sfp,0.3362574245333133
91333,r7_sfa_sfp,0.11094199453131097
91337,r7_sfa_sfp,0.1946491325063278
91339,r7_sfa_sfp,0.3164573543181466
92333,r7_sfa_sfp,0.0
93329,r7_sfa_sfp,0.0
93333,r7_sfa_sfp,0.4854299989866787
94333,r7_sfa_sfp,0.1319069073917408
95329,r7_sfa_sfp,0.2539145077333566
01195,r8_ugb_sfp,0.6934359599383684
01198,r8_ugb_sfp,0.733547532783134
01201,r8_ugb_sfp,0.5226112672891241
01215,r8_ugb_sfp,0.2342257986188137
01446,r8_ugb_sfp,0.6439947051549259
01449,r8_ugb_sfp,0.26731676805108306
01451,r8_ugb_sfp,0.43994198295152787
02034,r8_ugb_sfp,1.309274741704458
02317,r8_ugb_sfp,0.2268213988178692
02323,r8_ugb_sfp,0.8716177184812931
02328,r8_ugb_sfp,0.4888113515489113
02329,r8_ugb_sfp,0.6847218093529391
02336,r8_ugb_sfp,0.6711481396484236
03178,r8_ugb_sfp,0.5532202672971159
03425,r8_ugb_sfp,0.512660765539471
03426,r8_ugb_sfp,0.6830093979199209
03428,r8_ugb_sfp,0.5735185545557342
03429,r8_ugb_sfp,0.5819580265384332
04233,r8_ugb_sfp,0.027041456695278382
04459,r8_ugb_sfp,0.08430472048323046
04460,r8_ugb_sfp,0.06264319912587156
04462,r8_ugb_sfp,0.07005628132369404
05235,r8_ugb_sfp,0.08133476921875255
11472,r8_ugb_sfp,0.1128042714170269
15167,r8_ugb_sfp,0.5381463297611813
15409,r8_ugb_sfp,0.9187021259093687
05463,r8_ugb_sfp,0.11441805641568946
06245,r8_ugb_sfp,0.04738717732689838
06249,r8_ugb_sfp,0.1502103001390635
06250,r8_ugb_sfp,0.04087025298810602
07171,r8_ugb_sfp,0.3075223270359355
07422,r8_ugb_sfp,0.22967612540536236
07425,r8_ugb_sfp,0.3276674085338248
07465,r8_ugb_sfp,0.6260183251035932
08021,r8_ugb_sfp,0.7319491279473408
08022,r8_ugb_sfp,0.5369283778059187
08315,r8_ugb_sfp,0.5095971892149692
08317,r8_ugb_sfp,0.7348346660542481
08323,r8_ugb_sfp,0.4638712591586365
09390,r8_ugb_sfp,0.3860916831242669
09392,r8_ugb_sfp,0.2964897081264078
09393,r8_ugb_sfp,0.25002548942350894
09472,r8_ugb_sfp,0.09540530327592367
10011,r8_ugb_sfp,0.5330507774321531
10013,r8_ugb_sfp,0.22985459451228288
13468,r8_ugb_sfp,0.20206142351179646
14085,r8_ugb_sfp,0.8327328684360814
14353,r8_ugb_sfp,0.5659634136767175
14354,r8_ugb_sfp,0.9239859900502461
14355,r8_ugb_sfp,0.8540709161439947
16112,r8_ugb_sfp,0.45442154030133086
16113,r8_ugb_sfp,0.5253017155026556
16367,r8_ugb_sfp,0.732063072723418
16377,r8_ugb_sfp,0.3370788701485066
16432,r8_ugb_sfp,0.6029023188949065
16438,r8_ugb_sfp,0.5775628435181659
17111,r8_ugb_sfp,0.2697852134891032
17369,r8_ugb_sfp,0.6952675225926115
18439,r8_ugb_sfp,0.40561002629542675
19408,r8_ugb_sfp,0.6494618649133409
19409,r8_ugb_sfp,0.6639601760356078
19421,r8_ugb_sfp,0.545396443991815
19430,r8_ugb_sfp,0.5150117720116576
19432,r8_ugb_sfp,0.6749541974976999
19433,r8_ugb_sfp,0.7980891776046056
21010,r8_ugb_sfp,1.0773765230814896
22362,r8_ugb_sfp,0.9846999889855352
23428,r8_ugb_sfp,0.6144899521757083
23430,r8_ugb_sfp,0.698143040992484
26234,r8_ugb_sfp,0.04819921848985077
26240,r8_ugb_sfp,0.37707907486735837
26463,r8_ugb_sfp,0.09536190523953521
26464,r8_ugb_sfp,0.054348053620544255
27044,r8_ugb_sfp,0.5915916271034481
26242,r8_ugb_sfp,0.5610219327176043
26243,r8_ugb_sfp,0.17759401906312275
26453,r8_ugb_sfp,0.17559411397529912
27052,r8_ugb_sfp,1.0856975245307856
27077,r8_ugb_sfp,0.9396209184440044
27078,r8_ugb_sfp,1.1592569933108026
27079,r8_ugb_sfp,0.825634427633505
27080,r8_ugb_sfp,0.5103517177050018
27352,r8_ugb_sfp,0.7437608047161376
27353,r8_ugb_sfp,0.7113761961778983
28076,r8_ugb_sfp,0.9890960531792743
28334,r8_ugb_sfp,0.33021486052813936
28341,r8_ugb_sfp,0.5845486764927513
28342,r8_ugb_sfp,0.3190414279490782
28351,r8_ugb_sfp,0.7166341597028193
27332,r8_ugb_sfp,0.6005048320590557
32388,r8_ugb_sfp,0.3338304234658921
33114,r8_ugb_sfp,0.1601896304815742
33121,r8_ugb_sfp,0.3348877209148219
33122,r8_ugb_sfp,0.23906083294057873
29103,r8_ugb_sfp,0.5786719136950009
29358,r8_ugb_sfp,1.199985254077621
29360,r8_ugb_sfp,0.6211681935764262
29361,r8_ugb_sfp,1.1360592469737443
29362,r8_ugb_sfp,0.7796249917113961
29363,r8_ugb_sfp,0.7933496514153948
2A258,r8_ugb_sfp,0.13813528253347
2A259,r8_ugb_sfp,0.1507650534914079
2A260,r8_ugb_sfp,0.10920986362906672
2B258,r8_ugb_sfp,0.14145396684157888
2B259,r8_ugb_sfp,0.13298124691690782
2B260,r8_ugb_sfp,0.14522783287136756
30410,r8_ugb_sfp,0.28397433371543546
33128,r8_ugb_sfp,0.43908311227253105
30416,r8_ugb_sfp,0.10397710661924531
32383,r8_ugb_sfp,0.44829367804784087
33118,r8_ugb_sfp,0.48673619922727596
33119,r8_ugb_sfp,0.3259506307369074
27051,r8_ugb_sfp,0.45410871717942486
33137,r8_ugb_sfp,0.5866422078836057
33376,r8_ugb_sfp,0.387593541564534
33378,r8_ugb_sfp,0.9524485792129264
34412,r8_ugb_sfp,0.28611373417111496
34414,r8_ugb_sfp,0.04531041347812662
34415,r8_ugb_sfp,0.10639512018188985
34416,r8_ugb_sfp,0.06747032190540127
34470,r8_ugb_sfp,0.03365420783979991
34471,r8_ugb_sfp,0.1257973443279653
35097,r8_ugb_sfp,1.2205547860540895
41435,r8_ugb_sfp,0.36395121512837825
42168,r8_ugb_sfp,0.8007526822421964
42170,r8_ugb_sfp,0.596448204222404
42189,r8_ugb_sfp,0.6449336558885702
42190,r8_ugb_sfp,0.5405726137608724
37344,r8_ugb_sfp,0.580997940228327
37346,r8_ugb_sfp,0.5309883518616317
37348,r8_ugb_sfp,0.5816597824281774
37435,r8_ugb_sfp,0.6247097255556403
38199,r8_ugb_sfp,0.4897070085268493
38217,r8_ugb_sfp,0.37755033872738636
38453,r8_ugb_sfp,0.270948011949622
38457,r8_ugb_sfp,0.09085874308144574
38465,r8_ugb_sfp,0.5785253536991831
39207,r8_ugb_sfp,0.5104878829748819
40133,r8_ugb_sfp,0.6856317667593794
47398,r8_ugb_sfp,0.16767977096170106
47399,r8_ugb_sfp,0.22855838192083203
47400,r8_ugb_sfp,0.4813199980381046
40378,r8_ugb_sfp,0.7475488972723806
58185,r8_ugb_sfp,0.5500237141715567
58188,r8_ugb_sfp,0.6156630629707363
40382,r8_ugb_sfp,0.6589024705208413
40387,r8_ugb_sfp,0.540997205795093
40388,r8_ugb_sfp,0.21296101556811578
64140,r8_ugb_sfp,0.29277520437516996
64141,r8_ugb_sfp,0.42131481954990696
64142,r8_ugb_sfp,0.21042370940851976
42192,r8_ugb_sfp,0.7447476828875979
44104,r8_ugb_sfp,1.0352600472826836
44105,r8_ugb_sfp,0.6901437490939084
44106,r8_ugb_sfp,0.5051793725514467
44108,r8_ugb_sfp,0.6374545394384493
44356,r8_ugb_sfp,0.7967008051267651
44363,r8_ugb_sfp,0.7119686816032412
44364,r8_ugb_sfp,0.6930860039165648
44373,r8_ugb_sfp,0.6590369962486177
45063,r8_ugb_sfp,0.4091154153288385
45067,r8_ugb_sfp,0.2958732226793925
45342,r8_ugb_sfp,0.684688138423875
45343,r8_ugb_sfp,0.4273156500782127
46159,r8_ugb_sfp,0.3113355824936787
46160,r8_ugb_sfp,0.7569690431981131
46394,r8_ugb_sfp,0.33700511204542016
46396,r8_ugb_sfp,0.2482554954172086
46407,r8_ugb_sfp,0.34187487253571164
46408,r8_ugb_sfp,0.44933797508546164
46409,r8_ugb_sfp,0.5337071957117616
47156,r8_ugb_sfp,0.6156710902609717
47157,r8_ugb_sfp,0.2670273619322398
47378,r8_ugb_sfp,0.41049809196970893
27351,r8_ugb_sfp,0.5004530391982538
48410,r8_ugb_sfp,0.22453942308119204
48411,r8_ugb_sfp,0.1513392009828861
48418,r8_ugb_sfp,0.32004849601749197
48419,r8_ugb_sfp,0.2817896115533054
49344,r8_ugb_sfp,0.6192291558060172
49345,r8_ugb_sfp,0.6042630592637948
49347,r8_ugb_sfp,0.5622902460683677
49356,r8_ugb_sfp,0.8431003402663139
49373,r8_ugb_sfp,0.990807524049073
50082,r8_ugb_sfp,0.8386327346600169
50084,r8_ugb_sfp,0.6814919748494604
50086,r8_ugb_sfp,0.8782950590942111
50087,r8_ugb_sfp,1.0858030382706156
50354,r8_ugb_sfp,1.0553657046805822
51016,r8_ugb_sfp,0.1999869870055253
51017,r8_ugb_sfp,0.371228716043227
51018,r8_ugb_sfp,0.13533613262237795
51315,r8_ugb_sfp,0.41912954710632033
51317,r8_ugb_sfp,0.18796055752394938
51318,r8_ugb_sfp,0.46537623717184623
51321,r8_ugb_sfp,0.7155789797410245
51335,r8_ugb_sfp,0.5742266372990059
51336,r8_ugb_sfp,0.20837044384471917
68301,r8_ugb_sfp,0.4307026607352659
52310,r8_ugb_sfp,0.29029112817114056
68303,r8_ugb_sfp,1.0978302671939366
52322,r8_ugb_sfp,0.3225713894254879
53095,r8_ugb_sfp,0.7754322910437664
53096,r8_ugb_sfp,0.9092007633468261
53356,r8_ugb_sfp,1.0556755523695258
53357,r8_ugb_sfp,0.9995372242027476
54305,r8_ugb_sfp,0.7387056451257689
54306,r8_ugb_sfp,0.5923111660923764
54316,r8_ugb_sfp,0.3263289105348122
55308,r8_ugb_sfp,0.5498605383950619
55314,r8_ugb_sfp,0.6318951285618893
55315,r8_ugb_sfp,0.5970246126666308
55316,r8_ugb_sfp,0.6528502301320239
56359,r8_ugb_sfp,1.119864562189996
56362,r8_ugb_sfp,0.7667794383840838
58443,r8_ugb_sfp,0.5748141636141313
59025,r8_ugb_sfp,1.399796048569449
59026,r8_ugb_sfp,0.3918556087434147
59028,r8_ugb_sfp,0.9677327818852826
59033,r8_ugb_sfp,1.295156655898575
59323,r8_ugb_sfp,1.0144700213835474
59324,r8_ugb_sfp,1.0574574856149592
59325,r8_ugb_sfp,1.1039559290098206
59326,r8_ugb_sfp,1.8697198241045725
60041,r8_ugb_sfp,0.8386517489920822
60042,r8_ugb_sfp,0.6575088869046833
60043,r8_ugb_sfp,0.7974938659915962
60327,r8_ugb_sfp,1.2350697790682486
60329,r8_ugb_sfp,0.22371137013076325
60330,r8_ugb_sfp,0.32844343974788015
60331,r8_ugb_sfp,0.5171688782777125
61351,r8_ugb_sfp,0.5948558911450486
62032,r8_ugb_sfp,1.2640535073648052
62039,r8_ugb_sfp,1.0067611649591488
70448,r8_ugb_sfp,0.4664022083246796
71443,r8_ugb_sfp,0.6112254020238602
71444,r8_ugb_sfp,0.5375355507446425
71446,r8_ugb_sfp,0.5264250724279204
72089,r8_ugb_sfp,0.7378697028574743
63425,r8_ugb_sfp,0.5369874957323607
63426,r8_ugb_sfp,0.506532101694899
63427,r8_ugb_sfp,0.6118793327252424
63428,r8_ugb_sfp,0.5342238246950438
64379,r8_ugb_sfp,0.5072569810655702
64380,r8_ugb_sfp,1.0097320897984232
64381,r8_ugb_sfp,0.7469999894945656
64382,r8_ugb_sfp,0.5800065020489175
65146,r8_ugb_sfp,0.16367708357553887
65148,r8_ugb_sfp,0.710824009233902
65150,r8_ugb_sfp,0.7179403960263888
72091,r8_ugb_sfp,0.7199150431564826
66252,r8_ugb_sfp,0.08248397021468237
66253,r8_ugb_sfp,0.07282798993986392
72350,r8_ugb_sfp,0.6470851985121229
72351,r8_ugb_sfp,0.6551531630637474
72354,r8_ugb_sfp,0.6073003393979539
67301,r8_ugb_sfp,0.7367209411493095
67302,r8_ugb_sfp,0.4595394265465092
67304,r8_ugb_sfp,0.5928878964049519
67307,r8_ugb_sfp,0.6408902573495525
67473,r8_ugb_sfp,0.6539256552602777
68001,r8_ugb_sfp,0.40087233475100187
69200,r8_ugb_sfp,0.5133436133309447
69444,r8_ugb_sfp,0.5519420506283479
69445,r8_ugb_sfp,0.683259003075046
73219,r8_ugb_sfp,0.3606575263649038
73229,r8_ugb_sfp,0.07494975894115233
73451,r8_ugb_sfp,0.6204483577897183
74458,r8_ugb_sfp,0.19344460301998975
76046,r8_ugb_sfp,1.1633974991249068
76047,r8_ugb_sfp,0.9649139815251517
76048,r8_ugb_sfp,1.1004590733044906
76049,r8_ugb_sfp,1.0569337434138952
76331,r8_ugb_sfp,0.8435520149750525
76332,r8_ugb_sfp,0.9957646668191369
73458,r8_ugb_sfp,0.12321717827246975
74218,r8_ugb_sfp,0.6907827426846757
74222,r8_ugb_sfp,0.41440121096022825
74223,r8_ugb_sfp,0.25533377283158554
74224,r8_ugb_sfp,0.28009771064752936
74226,r8_ugb_sfp,0.46964219767037607
74227,r8_ugb_sfp,0.3580489720464933
77057,r8_ugb_sfp,0.1597918392073115
77058,r8_ugb_sfp,0.25017318637996666
77061,r8_ugb_sfp,0.47372343695240055
77062,r8_ugb_sfp,0.25915869423866017
77064,r8_ugb_sfp,0.1423728460824457
77320,r8_ugb_sfp,0.3076002181304725
77329,r8_ugb_sfp,0.33912427240016935
77336,r8_ugb_sfp,0.5028898153667849
78334,r8_ugb_sfp,0.1642686214797961
79371,r8_ugb_sfp,0.9642246380360936
79373,r8_ugb_sfp,0.7832699825354699
80035,r8_ugb_sfp,0.9707244640739866
80036,r8_ugb_sfp,1.3110701648727643
80038,r8_ugb_sfp,1.1319517082350408
81153,r8_ugb_sfp,0.599367892758674
81391,r8_ugb_sfp,0.5347905509890123
81395,r8_ugb_sfp,0.38556193400929895
81409,r8_ugb_sfp,0.6471702834705728
81412,r8_ugb_sfp,0.46767588853826647
81413,r8_ugb_sfp,0.4974488355449763
83248,r8_ugb_sfp,0.11320069488338454
83460,r8_ugb_sfp,0.06275611417465521
83468,r8_ugb_sfp,0.08644262964221683
83469,r8_ugb_sfp,0.12038173164639311
84238,r8_ugb_sfp,0.06305368588794673
37072,r8_ugb_sfp,0.7446648388487549
82155,r8_ugb_sfp,0.4331743731862947
69197,r8_ugb_sfp,0.39667439215598593
82390,r8_ugb_sfp,0.4254063374492454
82391,r8_ugb_sfp,0.24774522098415327
82395,r8_ugb_sfp,0.5341167447317099
86372,r8_ugb_sfp,0.9042125798722206
86438,r8_ugb_sfp,0.5303667563597819
87430,r8_ugb_sfp,0.7091744104420902
87431,r8_ugb_sfp,0.5922254720265683
87432,r8_ugb_sfp,0.7180684529536447
70447,r8_ugb_sfp,0.540716034169524
95332,r8_ugb_sfp,0.8464351478673483
95333,r8_ugb_sfp,0.9351671256184878
84464,r8_ugb_sfp,0.06909272508352755
84467,r8_ugb_sfp,0.20224294505286913
86348,r8_ugb_sfp,0.8367311783309108
88306,r8_ugb_sfp,0.581172731905174
88307,r8_ugb_sfp,0.38514322985012767
88309,r8_ugb_sfp,0.5230521382490207
88310,r8_ugb_sfp,0.4147628664846203
89186,r8_ugb_sfp,0.6439414830055467
89319,r8_ugb_sfp,0.33272368075812536
89320,r8_ugb_sfp,2.07027789739555
16375,r8_ugb_sfp,0.33701828029901787
17374,r8_ugb_sfp,0.969355408551066
17375,r8_ugb_sfp,0.6089066067998298
17376,r8_ugb_sfp,0.33667297962424003
17377,r8_ugb_sfp,0.5549244298082696
18066,r8_ugb_sfp,0.6737135862894199
18179,r8_ugb_sfp,0.4699245291397079
18343,r8_ugb_sfp,0.619772570961485
18434,r8_ugb_sfp,0.582890835716787
18436,r8_ugb_sfp,0.5135969673179056
19394,r8_ugb_sfp,1.159185886116133
91055,r8_ugb_sfp,0.1006721779996373
91342,r8_ugb_sfp,0.06947937527221613
95330,r8_ugb_sfp,0.18983498429466045
01216,r8_ugb_sfp,0.2439318661251112
04466,r8_ugb_sfp,0.05710078661084047
05231,r8_ugb_sfp,0.03800540583367982
05457,r8_ugb_sfp,0.019034674643034474
05459,r8_ugb_sfp,0.14769068077720177
19403,r8_ugb_sfp,0.4446251961742084
05232,r8_ugb_sfp,0.02429772033027752
10317,r8_ugb_sfp,0.3087869490846882
10318,r8_ugb_sfp,0.340686022568783
10319,r8_ugb_sfp,0.6609383186567904
05236,r8_ugb_sfp,0.014579156750878038
15164,r8_ugb_sfp,0.926635334392113
15417,r8_ugb_sfp,0.44418114766153244
15418,r8_ugb_sfp,0.683224393747699
05237,r8_ugb_sfp,0.16998478147524443
05239,r8_ugb_sfp,0.1622506006148454
05461,r8_ugb_sfp,0.03222540787784739
07169,r8_ugb_sfp,0.12278738885546676
07423,r8_ugb_sfp,0.1512872964278029
07424,r8_ugb_sfp,0.16877686983953516
10014,r8_ugb_sfp,0.4213030144401658
10015,r8_ugb_sfp,0.5137775507126484
10019,r8_ugb_sfp,0.08552580779988876
10020,r8_ugb_sfp,0.19387078778948247
10335,r8_ugb_sfp,0.14658453151675974
11391,r8_ugb_sfp,0.12948135955237322
11392,r8_ugb_sfp,0.1663714410620799
11413,r8_ugb_sfp,0.3562294789189984
11470,r8_ugb_sfp,0.08841861678095751
11471,r8_ugb_sfp,0.031962426599413195
12161,r8_ugb_sfp,0.5504409922672884
12162,r8_ugb_sfp,0.8379330186292283
12397,r8_ugb_sfp,0.6674543849860219
12407,r8_ugb_sfp,0.7183357676342133
12409,r8_ugb_sfp,0.879449463817657
12411,r8_ugb_sfp,0.24633895954452292
12412,r8_ugb_sfp,0.2209638997543928
12419,r8_ugb_sfp,0.6393342526320164
13244,r8_ugb_sfp,0.08095593936682664
13246,r8_ugb_sfp,0.06357862881947803
13466,r8_ugb_sfp,0.13363231399165523
13467,r8_ugb_sfp,0.11151434618740978
13469,r8_ugb_sfp,0.3699585317327597
15163,r8_ugb_sfp,0.7474000649059377
15419,r8_ugb_sfp,0.6073926143636005
15420,r8_ugb_sfp,0.585066014444389
15421,r8_ugb_sfp,0.6282006761926888
15433,r8_ugb_sfp,1.0123897607748127
19420,r8_ugb_sfp,0.5483440481560841
21204,r8_ugb_sfp,0.41609601496677917
21311,r8_ugb_sfp,0.46568178637827756
16371,r8_ugb_sfp,0.5700260574620083
16372,r8_ugb_sfp,0.8586406367743721
21312,r8_ugb_sfp,0.4734865265151061
18437,r8_ugb_sfp,0.5527648350597
21322,r8_ugb_sfp,0.5737911319697679
21440,r8_ugb_sfp,0.7164662984854777
21441,r8_ugb_sfp,0.570742308455448
21442,r8_ugb_sfp,0.4139682212659401
21443,r8_ugb_sfp,0.5239288302661811
22358,r8_ugb_sfp,1.326141033341362
22359,r8_ugb_sfp,1.0188114966723982
22360,r8_ugb_sfp,0.8462259082127892
22361,r8_ugb_sfp,0.7134643343643691
23431,r8_ugb_sfp,0.6231483419448647
23432,r8_ugb_sfp,0.8402618438621644
23437,r8_ugb_sfp,0.6904542828729352
24158,r8_ugb_sfp,0.5764928969805516
24394,r8_ugb_sfp,0.5257217209399301
24401,r8_ugb_sfp,0.421602498230567
24403,r8_ugb_sfp,0.6549020121193446
24404,r8_ugb_sfp,0.5842500118877627
24405,r8_ugb_sfp,0.6099897114684069
24406,r8_ugb_sfp,0.3936758978645674
24432,r8_ugb_sfp,0.6181872896610662
25447,r8_ugb_sfp,0.5761433176975788
25449,r8_ugb_sfp,0.4212045238827678
25450,r8_ugb_sfp,0.5446917919375983
25452,r8_ugb_sfp,0.5178479298694345
26221,r8_ugb_sfp,0.3636168038526353
26461,r8_ugb_sfp,0.014588045020881618
26241,r8_ugb_sfp,0.27120248402583663
27050,r8_ugb_sfp,0.914703089241715
27330,r8_ugb_sfp,0.5384644411286148
29100,r8_ugb_sfp,0.8229807593643225
33120,r8_ugb_sfp,0.22337458907919688
29101,r8_ugb_sfp,1.3715263306773804
33123,r8_ugb_sfp,0.45053588966445274
29102,r8_ugb_sfp,1.0370388876955738
30411,r8_ugb_sfp,0.04682284350723354
33127,r8_ugb_sfp,0.1298194399868608
30414,r8_ugb_sfp,0.025031683688183946
30415,r8_ugb_sfp,0.052900710076896826
30422,r8_ugb_sfp,0.08762346429611613
30465,r8_ugb_sfp,0.22040199581202025
30471,r8_ugb_sfp,0.09522334912091075
31385,r8_ugb_sfp,0.3097333063324443
31389,r8_ugb_sfp,0.48614948860663026
31390,r8_ugb_sfp,0.3818260457027859
31391,r8_ugb_sfp,0.2806586074052152
31392,r8_ugb_sfp,0.32460276228964047
31393,r8_ugb_sfp,0.5764101238962691
31472,r8_ugb_sfp,0.19730893679203376
32147,r8_ugb_sfp,0.304533520290976
32149,r8_ugb_sfp,0.2709479379500464
32384,r8_ugb_sfp,0.31821756758171316
32385,r8_ugb_sfp,0.3104642107339061
32386,r8_ugb_sfp,0.6012934491759703
32387,r8_ugb_sfp,0.5132521705872274
33115,r8_ugb_sfp,0.046673748301599254
33116,r8_ugb_sfp,0.1093907173575755
33117,r8_ugb_sfp,0.2601474738014766
33124,r8_ugb_sfp,0.5481015240256363
33405,r8_ugb_sfp,0.4684410478702892
33125,r8_ugb_sfp,0.38825434467598413
41341,r8_ugb_sfp,0.8301468065584909
41343,r8_ugb_sfp,0.34398325219276893
41346,r8_ugb_sfp,0.6711489714296078
41350,r8_ugb_sfp,0.5967572010851351
41351,r8_ugb_sfp,1.0827591416709612
33126,r8_ugb_sfp,0.2936506309620115
33129,r8_ugb_sfp,0.25672781468839917
33135,r8_ugb_sfp,0.4834192622097957
33136,r8_ugb_sfp,0.24263285632582374
33400,r8_ugb_sfp,0.49092340899447967
33401,r8_ugb_sfp,0.2942610202867401
33402,r8_ugb_sfp,0.3503004102665284
33406,r8_ugb_sfp,0.3306324967497309
35098,r8_ugb_sfp,1.514210124970768
35099,r8_ugb_sfp,0.682105504937638
35357,r8_ugb_sfp,1.0679307905514457
35358,r8_ugb_sfp,0.8380846006204002
35359,r8_ugb_sfp,1.134238511015921
35363,r8_ugb_sfp,1.1005678371769878
36434,r8_ugb_sfp,0.5041158647265687
36435,r8_ugb_sfp,0.6236720439017882
36436,r8_ugb_sfp,0.5732606464615805
36438,r8_ugb_sfp,0.5145408514097385
37069,r8_ugb_sfp,0.659410472371549
37070,r8_ugb_sfp,0.7145257519746944
41434,r8_ugb_sfp,0.1902765302595056
37071,r8_ugb_sfp,0.4721929110438351
37073,r8_ugb_sfp,0.5007132084759613
73213,r8_ugb_sfp,0.7741082972648544
37074,r8_ugb_sfp,0.29226694283426885
43417,r8_ugb_sfp,0.4334190170814904
43418,r8_ugb_sfp,0.4640421750604558
43423,r8_ugb_sfp,0.3878981286007969
43424,r8_ugb_sfp,0.5644436146040328
43425,r8_ugb_sfp,0.7434404047399472
39203,r8_ugb_sfp,0.6198758185750362
39206,r8_ugb_sfp,0.7858429291773273
39209,r8_ugb_sfp,0.3818182894813388
39212,r8_ugb_sfp,0.40841666423652406
39446,r8_ugb_sfp,0.5288072475674106
39447,r8_ugb_sfp,0.5188398929723941
39449,r8_ugb_sfp,0.2093373310389821
39451,r8_ugb_sfp,0.33428983807584367
39452,r8_ugb_sfp,0.49522979636257675
40130,r8_ugb_sfp,0.9259039304434231
40131,r8_ugb_sfp,2.1653620884071767
47394,r8_ugb_sfp,0.17270039684315444
40132,r8_ugb_sfp,0.7015162926645039
40134,r8_ugb_sfp,0.6118957641247231
40144,r8_ugb_sfp,0.5323521266006646
47401,r8_ugb_sfp,0.353415932653017
40145,r8_ugb_sfp,0.2314308545525831
40379,r8_ugb_sfp,0.6805424425373539
40380,r8_ugb_sfp,0.7240645317975795
41065,r8_ugb_sfp,0.3188346366802771
41068,r8_ugb_sfp,0.17619270268154055
41075,r8_ugb_sfp,0.5748540931810003
42191,r8_ugb_sfp,0.8401926736293196
42193,r8_ugb_sfp,0.6345443184516494
42425,r8_ugb_sfp,0.6181264921117309
42445,r8_ugb_sfp,0.596360204739626
42465,r8_ugb_sfp,0.9829937800865786
43172,r8_ugb_sfp,0.6609954890951832
43177,r8_ugb_sfp,0.5405760517872488
43427,r8_ugb_sfp,0.4942469996334413
44107,r8_ugb_sfp,0.8003311081149798
44365,r8_ugb_sfp,0.6463221474811783
44368,r8_ugb_sfp,0.7692723501947731
45338,r8_ugb_sfp,0.3667389671319636
45339,r8_ugb_sfp,0.9413185322372344
45340,r8_ugb_sfp,0.7586308282357384
66254,r8_ugb_sfp,0.2255255807428622
66255,r8_ugb_sfp,0.06136403466289293
66256,r8_ugb_sfp,0.07914555952461437
45341,r8_ugb_sfp,0.019026940355527076
45439,r8_ugb_sfp,0.3626568732090774
47402,r8_ugb_sfp,0.5822523556058259
47404,r8_ugb_sfp,0.5731908198518337
50081,r8_ugb_sfp,0.7727451174235703
50083,r8_ugb_sfp,1.0827150828579502
52008,r8_ugb_sfp,0.03175914561853008
68002,r8_ugb_sfp,0.5568503951985478
52009,r8_ugb_sfp,0.02760065312568129
52012,r8_ugb_sfp,0.5624264647899386
52311,r8_ugb_sfp,0.5040877520137403
52312,r8_ugb_sfp,0.09813719559030598
52314,r8_ugb_sfp,0.5575341262338088
52318,r8_ugb_sfp,0.3214013579134324
68302,r8_ugb_sfp,0.2504860293712874
68304,r8_ugb_sfp,0.6232909655578541
68307,r8_ugb_sfp,0.3422964450184361
52321,r8_ugb_sfp,0.9755637544258211
54307,r8_ugb_sfp,1.277326367034749
54308,r8_ugb_sfp,0.7072494594229141
54313,r8_ugb_sfp,0.4894048005957612
56363,r8_ugb_sfp,0.863184426206549
56364,r8_ugb_sfp,0.9364904282880909
57003,r8_ugb_sfp,1.874350625216153
57004,r8_ugb_sfp,0.48008669868319015
57306,r8_ugb_sfp,0.6101224689606853
57307,r8_ugb_sfp,1.1427312749051124
57308,r8_ugb_sfp,1.4240185688307447
57473,r8_ugb_sfp,0.49083188138995565
58180,r8_ugb_sfp,0.47727643339465203
58340,r8_ugb_sfp,0.29108909036626957
58429,r8_ugb_sfp,0.4139791849586446
59027,r8_ugb_sfp,1.2027281639945142
60328,r8_ugb_sfp,0.7258410288025066
61088,r8_ugb_sfp,0.4409722956807654
61352,r8_ugb_sfp,0.7308015706025914
61353,r8_ugb_sfp,0.45215974639990014
61354,r8_ugb_sfp,0.8497716246958721
61355,r8_ugb_sfp,0.5776416984898652
62023,r8_ugb_sfp,1.2342481052008172
62024,r8_ugb_sfp,1.123711756952972
62029,r8_ugb_sfp,0.9481132051597188
62030,r8_ugb_sfp,1.132761441901118
69465,r8_ugb_sfp,0.27250779116388946
70005,r8_ugb_sfp,0.5627216615173148
70006,r8_ugb_sfp,1.3375497830041676
70007,r8_ugb_sfp,0.5450162666802358
70205,r8_ugb_sfp,0.6001946668329825
62031,r8_ugb_sfp,1.4071383076545014
62040,r8_ugb_sfp,1.1888232354299932
62324,r8_ugb_sfp,1.0451700033802773
62325,r8_ugb_sfp,1.049460071246488
62326,r8_ugb_sfp,1.2757368562526308
63165,r8_ugb_sfp,0.2955353309385744
63166,r8_ugb_sfp,0.4961551280413154
63173,r8_ugb_sfp,0.444024350891924
63174,r8_ugb_sfp,0.48221892828386764
63175,r8_ugb_sfp,0.4168347632016001
63176,r8_ugb_sfp,0.6410377771677193
63181,r8_ugb_sfp,0.5592589220813204
71429,r8_ugb_sfp,0.657942885389538
71440,r8_ugb_sfp,0.6419810468735937
71441,r8_ugb_sfp,0.41888538684998544
71442,r8_ugb_sfp,0.5165078050135028
63417,r8_ugb_sfp,0.24161048860436724
63421,r8_ugb_sfp,0.6272656241695602
64138,r8_ugb_sfp,1.078142726491125
64139,r8_ugb_sfp,0.327249279933596
64143,r8_ugb_sfp,0.6348737641290202
64386,r8_ugb_sfp,0.7491727021094097
65381,r8_ugb_sfp,0.5944196965864811
65383,r8_ugb_sfp,0.7646367840646747
72090,r8_ugb_sfp,0.6517835824868707
72092,r8_ugb_sfp,0.8628315893156603
72093,r8_ugb_sfp,0.6642546700053104
65386,r8_ugb_sfp,0.5588319753546704
65387,r8_ugb_sfp,0.5647470571509439
65389,r8_ugb_sfp,0.7456951854003198
66257,r8_ugb_sfp,0.016460270134686105
72345,r8_ugb_sfp,0.5347812585412414
66470,r8_ugb_sfp,0.11705670768487557
66472,r8_ugb_sfp,0.04589345036358239
68450,r8_ugb_sfp,0.8189927954162707
69194,r8_ugb_sfp,0.41726567945021337
69195,r8_ugb_sfp,0.16266706885121252
69196,r8_ugb_sfp,0.6660379556775189
69199,r8_ugb_sfp,0.22283575684558804
70307,r8_ugb_sfp,0.6784419681824105
70309,r8_ugb_sfp,0.46263235972290845
71183,r8_ugb_sfp,0.5901126449021273
71184,r8_ugb_sfp,0.5722757022777368
71187,r8_ugb_sfp,0.6149823527570907
71202,r8_ugb_sfp,0.6181681576890499
72094,r8_ugb_sfp,0.6893116209136105
72355,r8_ugb_sfp,1.099038053181826
73453,r8_ugb_sfp,0.28918125293899166
73220,r8_ugb_sfp,0.6286509233780091
73230,r8_ugb_sfp,0.16074772694114614
73454,r8_ugb_sfp,0.2642789429862652
73455,r8_ugb_sfp,0.24757402885082
74456,r8_ugb_sfp,0.42436651652313384
73456,r8_ugb_sfp,0.37179095947319235
74208,r8_ugb_sfp,0.6950287825638612
74210,r8_ugb_sfp,0.6101773915926128
74211,r8_ugb_sfp,0.4837921843989742
74214,r8_ugb_sfp,0.72756093902329
74225,r8_ugb_sfp,0.2701073233748675
78055,r8_ugb_sfp,0.15273899545891303
74228,r8_ugb_sfp,0.5010500188145196
74454,r8_ugb_sfp,0.217217557405078
74455,r8_ugb_sfp,0.5940113206611575
77045,r8_ugb_sfp,0.39479800810087423
78342,r8_ugb_sfp,0.5713717533878931
79109,r8_ugb_sfp,0.7677081540640832
79349,r8_ugb_sfp,1.0947236647156326
79366,r8_ugb_sfp,1.062966675877464
79367,r8_ugb_sfp,0.6425004938874539
79368,r8_ugb_sfp,0.7698445804177688
77056,r8_ugb_sfp,0.37603037801656575
78330,r8_ugb_sfp,0.001966638974798413
78332,r8_ugb_sfp,0.00960217188611306
77059,r8_ugb_sfp,0.25604843567752794
77060,r8_ugb_sfp,0.39970840922487666
77335,r8_ugb_sfp,0.7899517872925431
77337,r8_ugb_sfp,0.3586757426391814
77338,r8_ugb_sfp,0.0028831441220384052
77339,r8_ugb_sfp,0.029614486058811
78053,r8_ugb_sfp,0.40872921244607124
78054,r8_ugb_sfp,0.4383751699775798
78333,r8_ugb_sfp,0.0
79370,r8_ugb_sfp,0.4218873287940879
82398,r8_ugb_sfp,0.617802569207991
80037,r8_ugb_sfp,0.6523913401103356
80327,r8_ugb_sfp,1.2800634389425107
81151,r8_ugb_sfp,0.4990561973507386
81152,r8_ugb_sfp,0.3847934091314623
82154,r8_ugb_sfp,0.5508926454789174
82384,r8_ugb_sfp,0.29602066972156044
85370,r8_ugb_sfp,0.538751244706952
85371,r8_ugb_sfp,0.8987742623279262
85373,r8_ugb_sfp,0.9990434477443371
86182,r8_ugb_sfp,0.24733839163152455
82385,r8_ugb_sfp,0.16666409697272705
82396,r8_ugb_sfp,0.4637346012401359
82397,r8_ugb_sfp,0.39353665377952335
82399,r8_ugb_sfp,0.33911992689259496
83247,r8_ugb_sfp,0.10614358940970232
84462,r8_ugb_sfp,0.007979925845798793
84463,r8_ugb_sfp,0.015040169875506703
84466,r8_ugb_sfp,0.04267693156798235
85110,r8_ugb_sfp,1.022045422393715
85365,r8_ugb_sfp,0.45654032113882576
85366,r8_ugb_sfp,0.7147923258372835
85368,r8_ugb_sfp,0.947359900327421
85369,r8_ugb_sfp,0.40536492445550865
86347,r8_ugb_sfp,0.6809198024200321
86349,r8_ugb_sfp,0.42174853401364104
86368,r8_ugb_sfp,0.49135933290595274
88305,r8_ugb_sfp,0.43337388373029057
88313,r8_ugb_sfp,0.5517218501690784
88314,r8_ugb_sfp,1.0595057664005285
89317,r8_ugb_sfp,2.1705764110093826
89322,r8_ugb_sfp,0.9271762195607193
89338,r8_ugb_sfp,0.5210952386044748
89340,r8_ugb_sfp,0.516236675013538
89442,r8_ugb_sfp,0.2535976366115011
89443,r8_ugb_sfp,0.3231641422301023
90303,r8_ugb_sfp,0.5439381987105447
90307,r8_ugb_sfp,0.7293690360012498
90448,r8_ugb_sfp,0.713252577324029
90450,r8_ugb_sfp,0.8252785488635523
91333,r8_ugb_sfp,0.22711704441738728
91337,r8_ugb_sfp,0.05921895804023446
91339,r8_ugb_sfp,0.10714218891576052
92333,r8_ugb_sfp,0.057971017697708446
93329,r8_ugb_sfp,0.04971428571428572
93333,r8_ugb_sfp,0.006982942108853751
94333,r8_ugb_sfp,0.0009405126063504979
95329,r8_ugb_sfp,0.3912487955547313
01195,r9_va_vl,0.41272351204304625
01198,r9_va_vl,0.31284004571502155
01201,r9_va_vl,0.3583045483921289
01215,r9_va_vl,0.17154871628426463
01446,r9_va_vl,0.35630619111470646
01449,r9_va_vl,0.3493177568331439
01451,r9_va_vl,0.3557904222703274
02034,r9_va_vl,0.4608283250950605
02317,r9_va_vl,0.7930029557194552
02323,r9_va_vl,0.33104725899740606
02328,r9_va_vl,0.6379400990291492
02329,r9_va_vl,0.7307256683787698
02336,r9_va_vl,0.6534473453197647
03178,r9_va_vl,0.9349526852020518
03425,r9_va_vl,0.9589784900659317
03426,r9_va_vl,0.9605712735563684
03428,r9_va_vl,0.9508610231137844
03429,r9_va_vl,0.9689680087231787
04233,r9_va_vl,0.921887030167285
04459,r9_va_vl,0.8043320727371543
04460,r9_va_vl,0.8804427883883962
04462,r9_va_vl,0.735678450589196
05235,r9_va_vl,0.5187666901992081
11472,r9_va_vl,0.9779990342881651
15167,r9_va_vl,0.642368242283246
15409,r9_va_vl,0.695962684810332
05463,r9_va_vl,0.8403166213373018
06245,r9_va_vl,0.8039254461857913
06249,r9_va_vl,0.6886837881219904
06250,r9_va_vl,0.6653223335008642
07171,r9_va_vl,0.5551520438166276
07422,r9_va_vl,0.6857416879795397
07425,r9_va_vl,0.5429583451402664
07465,r9_va_vl,0.5086947270249591
08021,r9_va_vl,0.4898130797023296
08022,r9_va_vl,0.5406003320369028
08315,r9_va_vl,0.5558557475803405
08317,r9_va_vl,0.6708462963135181
08323,r9_va_vl,0.5385535631843043
09390,r9_va_vl,0.7365826557516936
09392,r9_va_vl,0.8306450530099204
09393,r9_va_vl,0.9212332762578621
09472,r9_va_vl,0.9499355491935505
10011,r9_va_vl,0.4880686736655212
10013,r9_va_vl,0.6198375927863299
13468,r9_va_vl,0.9607673091111486
14085,r9_va_vl,0.24426766617568055
14353,r9_va_vl,0.5439594261888624
14354,r9_va_vl,0.22322218287834686
14355,r9_va_vl,0.5115539817279597
16112,r9_va_vl,0.7873455558708504
16113,r9_va_vl,0.7773085276590482
16367,r9_va_vl,0.6890415587340918
16377,r9_va_vl,0.6749501076772164
16432,r9_va_vl,0.7637749514311336
16438,r9_va_vl,0.7591045228355999
17111,r9_va_vl,0.7686038102473447
17369,r9_va_vl,0.601190315162992
18439,r9_va_vl,0.8403451368468179
19408,r9_va_vl,0.9461467572235074
19409,r9_va_vl,0.8753393320760781
19421,r9_va_vl,0.9185799729886166
19430,r9_va_vl,0.9337138475481028
19432,r9_va_vl,0.9746354537371149
19433,r9_va_vl,0.9436084646782195
21010,r9_va_vl,0.5500666529942576
22362,r9_va_vl,0.21162481699326158
23428,r9_va_vl,0.9501514370126919
23430,r9_va_vl,0.956415784258442
26234,r9_va_vl,0.8902677518621839
26240,r9_va_vl,0.5718133406158258
26463,r9_va_vl,0.9295413201663202
26464,r9_va_vl,0.9092872570194385
27044,r9_va_vl,0.7058472683106687
26242,r9_va_vl,0.47477592829705506
26243,r9_va_vl,0.5093965410856266
26453,r9_va_vl,0.4236779107725789
27052,r9_va_vl,0.4232360450415439
27077,r9_va_vl,0.44211181065764826
27078,r9_va_vl,0.45683054974506465
27079,r9_va_vl,0.424178651799649
27080,r9_va_vl,0.5060668322651211
27352,r9_va_vl,0.4416836466155618
27353,r9_va_vl,0.4494095506939544
28076,r9_va_vl,0.482238782305375
28334,r9_va_vl,0.5452637889688249
28341,r9_va_vl,0.4849878934624698
28342,r9_va_vl,0.5833398539384456
28351,r9_va_vl,0.5399042649366209
27332,r9_va_vl,0.46485677773275563
32388,r9_va_vl,0.9323755211033543
33114,r9_va_vl,0.8920789435853202
33121,r9_va_vl,0.7839025034678645
33122,r9_va_vl,0.9825758850248745
29103,r9_va_vl,0.12043791822335079
29358,r9_va_vl,0.14334619198228257
29360,r9_va_vl,0.3194919859869736
29361,r9_va_vl,0.11618990477301068
29362,r9_va_vl,0.1949992682523043
29363,r9_va_vl,0.1577483622249025
2A258,r9_va_vl,0.9994863425639959
2A259,r9_va_vl,0.9987627411758143
2A260,r9_va_vl,0.9993919319452679
2B258,r9_va_vl,0.9991269128062725
2B259,r9_va_vl,0.9991198363371352
2B260,r9_va_vl,0.9992997392285905
30410,r9_va_vl,0.8698933738908363
33128,r9_va_vl,0.6200757242229462
30416,r9_va_vl,0.968236622858484
32383,r9_va_vl,0.8865678500300569
33118,r9_va_vl,0.7621487389682804
33119,r9_va_vl,0.7066264731770773
27051,r9_va_vl,0.4509832249779276
33137,r9_va_vl,0.9375506552689126
33376,r9_va_vl,0.7991320520768754
33378,r9_va_vl,0.8211715444672221
34412,r9_va_vl,0.9207271390318686
34414,r9_va_vl,0.9436429582160922
34415,r9_va_vl,0.9642517256749106
34416,r9_va_vl,0.9941648324051231
34470,r9_va_vl,0.776090101260591
34471,r9_va_vl,0.954606857507484
35097,r9_va_vl,0.11769557225102703
41435,r9_va_vl,0.3437287926460609
42168,r9_va_vl,0.3595100565020245
42170,r9_va_vl,0.2748746817187882
42189,r9_va_vl,0.6460163501937921
42190,r9_va_vl,0.8975761210312719
37344,r9_va_vl,0.714610476280688
37346,r9_va_vl,0.5464676025545441
37348,r9_va_vl,0.37592458996445055
37435,r9_va_vl,0.34460233354151454
38199,r9_va_vl,0.49340405124943637
38217,r9_va_vl,0.6387480946302654
38453,r9_va_vl,0.40746803528059766
38457,r9_va_vl,0.6363809078875652
38465,r9_va_vl,0.5731661465578824
39207,r9_va_vl,0.20085942861250347
40133,r9_va_vl,0.6446803491389478
47398,r9_va_vl,0.8700684016038996
47399,r9_va_vl,0.7577122604150166
47400,r9_va_vl,0.7058424028967998
40378,r9_va_vl,0.6348072285316646
58185,r9_va_vl,0.9214013615651948
58188,r9_va_vl,0.9728282134907705
40382,r9_va_vl,0.7594382328149459
40387,r9_va_vl,0.7595184145310252
40388,r9_va_vl,0.7016587445484392
64140,r9_va_vl,0.8543710022720905
64141,r9_va_vl,0.7544789296457757
64142,r9_va_vl,0.7689997980186118
42192,r9_va_vl,0.6790888658472991
44104,r9_va_vl,0.30703025888245933
44105,r9_va_vl,0.2788693447576021
44106,r9_va_vl,0.5002025729635678
44108,r9_va_vl,0.3252900588155374
44356,r9_va_vl,0.391058722214778
44363,r9_va_vl,0.24433717243534062
44364,r9_va_vl,0.2755741014358625
44373,r9_va_vl,0.42965692327730337
45063,r9_va_vl,0.4251759596969956
45067,r9_va_vl,0.5016527851956638
45342,r9_va_vl,0.6743660523395849
45343,r9_va_vl,0.3010062949505824
46159,r9_va_vl,0.7315757076734909
46160,r9_va_vl,0.8646567422145863
46394,r9_va_vl,0.796749226769797
46396,r9_va_vl,0.7078944718558051
46407,r9_va_vl,0.7487114434503939
46408,r9_va_vl,0.7857172221597155
46409,r9_va_vl,0.780559734596923
47156,r9_va_vl,0.614768798875709
47157,r9_va_vl,0.8046799580272823
47378,r9_va_vl,0.8929022017825893
27351,r9_va_vl,0.42085412328605665
48410,r9_va_vl,0.8099644732121848
48411,r9_va_vl,0.8115533921049777
48418,r9_va_vl,0.8031166514918187
48419,r9_va_vl,0.9181417232535946
49344,r9_va_vl,0.4583612604304897
49345,r9_va_vl,0.417458051559986
49347,r9_va_vl,0.5234308612359794
49356,r9_va_vl,0.4559376245860784
49373,r9_va_vl,0.5370569921396977
50082,r9_va_vl,0.1604955477292358
50084,r9_va_vl,0.16294482081733622
50086,r9_va_vl,0.14285746737528615
50087,r9_va_vl,0.14051352650268983
50354,r9_va_vl,0.13557855656731918
51016,r9_va_vl,0.5702188453795701
51017,r9_va_vl,0.6215082929985442
51018,r9_va_vl,0.8235614251505696
51315,r9_va_vl,0.6037971691499037
51317,r9_va_vl,0.6038347473570266
51318,r9_va_vl,0.6691465135739354
51321,r9_va_vl,0.6475388656819259
51335,r9_va_vl,0.5706167020907843
51336,r9_va_vl,0.7053220938052267
68301,r9_va_vl,0.31605898685106604
52310,r9_va_vl,0.4087056166899782
68303,r9_va_vl,0.19376565332300155
52322,r9_va_vl,0.5602833684352791
53095,r9_va_vl,0.38263920107769067
53096,r9_va_vl,0.28157108019178734
53356,r9_va_vl,0.20570233753302392
53357,r9_va_vl,0.2112301617436805
54305,r9_va_vl,0.40381633938945505
54306,r9_va_vl,0.4496497207753019
54316,r9_va_vl,0.39699930850756093
55308,r9_va_vl,0.4208564305539932
55314,r9_va_vl,0.47541633021285873
55315,r9_va_vl,0.4904606642940848
55316,r9_va_vl,0.3378053190864231
56359,r9_va_vl,0.1060339098409066
56362,r9_va_vl,0.13114232069472126
58443,r9_va_vl,0.978990796735608
59025,r9_va_vl,0.25100317917382814
59026,r9_va_vl,0.3494718309859155
59028,r9_va_vl,0.3666475190080759
59033,r9_va_vl,0.289804025387402
59323,r9_va_vl,0.176945309797241
59324,r9_va_vl,0.22920273070827743
59325,r9_va_vl,0.3819872905370371
59326,r9_va_vl,0.3357842293704952
60041,r9_va_vl,0.41361476765417227
60042,r9_va_vl,0.3915136051956336
60043,r9_va_vl,0.489694276445437
60327,r9_va_vl,0.35784441214717355
60329,r9_va_vl,0.572300965018094
60330,r9_va_vl,0.5957385740093536
60331,r9_va_vl,0.37132350704730854
61351,r9_va_vl,0.5672496999647018
62032,r9_va_vl,0.23131406719277625
62039,r9_va_vl,0.3795447748741912
70448,r9_va_vl,0.3042262650875282
71443,r9_va_vl,0.9749069510313348
71444,r9_va_vl,0.8576078809294356
71446,r9_va_vl,0.45197866030219536
72089,r9_va_vl,0.4526248164170684
63425,r9_va_vl,0.5664731985077557
63426,r9_va_vl,0.7637177095462215
63427,r9_va_vl,0.6666231626652442
63428,r9_va_vl,0.920587891771378
64379,r9_va_vl,0.8587079324865623
64380,r9_va_vl,0.6609370654073928
64381,r9_va_vl,0.7396522476397277
64382,r9_va_vl,0.8480985586893406
65146,r9_va_vl,0.8918982007217302
65148,r9_va_vl,0.8816249429795464
65150,r9_va_vl,0.7589829199600254
72091,r9_va_vl,0.4374424567664711
66252,r9_va_vl,0.9423362445414847
66253,r9_va_vl,0.9792851224320694
72350,r9_va_vl,0.48341517720978466
72351,r9_va_vl,0.5042898386871116
72354,r9_va_vl,0.4986596989400463
67301,r9_va_vl,0.26393739684252776
67302,r9_va_vl,0.221881011884428
67304,r9_va_vl,0.2500222332329662
67307,r9_va_vl,0.3942874123094098
67473,r9_va_vl,0.3866727943100853
68001,r9_va_vl,0.28393246915230075
69200,r9_va_vl,0.480464207062084
69444,r9_va_vl,0.6611556063155565
69445,r9_va_vl,0.311310835000591
73219,r9_va_vl,0.329372497400615
73229,r9_va_vl,0.206321909778098
73451,r9_va_vl,0.18884153414613006
74458,r9_va_vl,0.11742008566674927
76046,r9_va_vl,0.3767464230460319
76047,r9_va_vl,0.40121590630608267
76048,r9_va_vl,0.34183745449237585
76049,r9_va_vl,0.4449296166714881
76331,r9_va_vl,0.3340127341995842
76332,r9_va_vl,0.36782184437340165
73458,r9_va_vl,0.08794747343463626
74218,r9_va_vl,0.08461488073514688
74222,r9_va_vl,0.09449718235851223
74223,r9_va_vl,0.10110013038851419
74224,r9_va_vl,0.09979474034171396
74226,r9_va_vl,0.11141019190684968
74227,r9_va_vl,0.04346117992890583
77057,r9_va_vl,0.2409021834759658
77058,r9_va_vl,0.5082299577334113
77061,r9_va_vl,0.4092267083396259
77062,r9_va_vl,0.4747758265232619
77064,r9_va_vl,0.9994148098131893
77320,r9_va_vl,0.08436113893260838
77329,r9_va_vl,0.41226393702827896
77336,r9_va_vl,0.4097081497400246
78334,r9_va_vl,0.7435058687704446
79371,r9_va_vl,0.5778446611858652
79373,r9_va_vl,0.8247591023022559
80035,r9_va_vl,0.3081509209043989
80036,r9_va_vl,0.3376538695887864
80038,r9_va_vl,0.3262295995735187
81153,r9_va_vl,0.7625338009083921
81391,r9_va_vl,0.7211337122345199
81395,r9_va_vl,0.7981005512386264
81409,r9_va_vl,0.8406239245608921
81412,r9_va_vl,0.830201967588347
81413,r9_va_vl,0.6949154124372886
83248,r9_va_vl,0.9860687853722246
83460,r9_va_vl,0.6361833952912019
83468,r9_va_vl,0.7374795862819815
83469,r9_va_vl,0.07639923387954885
84238,r9_va_vl,0.7378259316585308
37072,r9_va_vl,0.5155913334929375
82155,r9_va_vl,0.7872016497016497
69197,r9_va_vl,0.7258503662231085
82390,r9_va_vl,0.7317659253675085
82391,r9_va_vl,0.6884756500535539
82395,r9_va_vl,0.8469897323317211
86372,r9_va_vl,0.7883535181403094
86438,r9_va_vl,0.8391630173646202
87430,r9_va_vl,0.9674412312207229
87431,r9_va_vl,0.9535901809015005
87432,r9_va_vl,0.925076887321433
70447,r9_va_vl,0.3100581182722262
95332,r9_va_vl,0.7293153581813376
95333,r9_va_vl,0.10487612279143224
84464,r9_va_vl,0.7777777777777778
84467,r9_va_vl,0.8111656187383403
86348,r9_va_vl,0.5620936617443661
88306,r9_va_vl,0.2955593709112524
88307,r9_va_vl,0.2668631916026458
88309,r9_va_vl,0.29026504241207096
88310,r9_va_vl,0.31080761899603887
89186,r9_va_vl,0.7479103402017522
89319,r9_va_vl,0.5279834737009375
89320,r9_va_vl,0.9663731979974663
16375,r9_va_vl,0.8556690065943415
17374,r9_va_vl,0.5630455759262168
17375,r9_va_vl,0.6341083388380545
17376,r9_va_vl,0.7180141338683738
17377,r9_va_vl,0.7220160687593423
18066,r9_va_vl,0.9210019554708515
18179,r9_va_vl,0.9724205531881173
18343,r9_va_vl,0.5456176692133865
18434,r9_va_vl,0.909550161902635
18436,r9_va_vl,0.935401132573113
19394,r9_va_vl,0.9395196773405036
91055,r9_va_vl,0.4835736040609137
91342,r9_va_vl,0.013824362606232295
95330,r9_va_vl,0.7586961247893907
01216,r9_va_vl,0.16295176929857702
04466,r9_va_vl,0.8619174942704354
05231,r9_va_vl,0.5887145330021826
05457,r9_va_vl,0.7996904329025601
05459,r9_va_vl,0.7592390374824034
19403,r9_va_vl,0.9398470688190315
05232,r9_va_vl,0.6965774370575175
10317,r9_va_vl,0.6657895178619393
10318,r9_va_vl,0.4753037922033004
10319,r9_va_vl,0.5699947330110015
05236,r9_va_vl,0.7318893338187114
15164,r9_va_vl,0.6017265903535077
15417,r9_va_vl,0.6124166835625058
15418,r9_va_vl,0.6364779552323215
05237,r9_va_vl,0.7390646986617168
05239,r9_va_vl,0.7602732732732733
05461,r9_va_vl,0.7343572581127115
07169,r9_va_vl,0.9660083684289432
07423,r9_va_vl,0.6465983606557377
07424,r9_va_vl,0.6513985201897873
10014,r9_va_vl,0.5800012135185971
10015,r9_va_vl,0.6769201608426639
10019,r9_va_vl,0.7364085667215816
10020,r9_va_vl,0.6171716464907985
10335,r9_va_vl,0.6835756666884006
11391,r9_va_vl,0.6942385131646877
11392,r9_va_vl,0.8902599797683955
11413,r9_va_vl,0.855489585979172
11470,r9_va_vl,0.9340599221205522
11471,r9_va_vl,0.998279569892473
12161,r9_va_vl,0.7941797827944473
12162,r9_va_vl,0.5766959856632167
12397,r9_va_vl,0.8398453337061413
12407,r9_va_vl,0.856413738070035
12409,r9_va_vl,0.7041374510011422
12411,r9_va_vl,0.8370143028615433
12412,r9_va_vl,0.7234039154292835
12419,r9_va_vl,0.9148435537308233
13244,r9_va_vl,0.9593680709534369
13246,r9_va_vl,0.957536149007434
13466,r9_va_vl,0.9470227670753065
13467,r9_va_vl,0.8248226420730341
13469,r9_va_vl,0.9475537435137139
15163,r9_va_vl,0.8483003302818707
15419,r9_va_vl,0.6499337715033031
15420,r9_va_vl,0.7644240971253392
15421,r9_va_vl,0.7821192459421145
15433,r9_va_vl,0.7848430190782045
19420,r9_va_vl,0.8681697292069633
21204,r9_va_vl,0.6824904054708899
21311,r9_va_vl,0.6466069654756005
16371,r9_va_vl,0.7628658597914642
16372,r9_va_vl,0.7425466348170164
21312,r9_va_vl,0.6420216800841756
18437,r9_va_vl,0.9467756390072076
21322,r9_va_vl,0.550117056452586
21440,r9_va_vl,0.7345114850077508
21441,r9_va_vl,0.892718763148921
21442,r9_va_vl,0.9232529677927475
21443,r9_va_vl,0.9786999282913987
22358,r9_va_vl,0.13167723105234352
22359,r9_va_vl,0.11773690922179274
22360,r9_va_vl,0.16601417479176234
22361,r9_va_vl,0.16828585118938508
23431,r9_va_vl,0.9588465103064673
23432,r9_va_vl,0.9593151203849432
23437,r9_va_vl,0.962066060140622
24158,r9_va_vl,0.8018580344153462
24394,r9_va_vl,0.845149833518313
24401,r9_va_vl,0.6426855909858046
24403,r9_va_vl,0.8631268298501694
24404,r9_va_vl,0.8005587763673903
24405,r9_va_vl,0.8547361721338369
24406,r9_va_vl,0.7819383951343928
24432,r9_va_vl,0.8493347992591663
25447,r9_va_vl,0.16358758432960316
25449,r9_va_vl,0.02577691002487042
25450,r9_va_vl,0.06463563743802858
25452,r9_va_vl,0.03637814419106846
26221,r9_va_vl,0.41700196222226626
26461,r9_va_vl,0.909346603202077
26241,r9_va_vl,0.5077966033402502
27050,r9_va_vl,0.26919085765651435
27330,r9_va_vl,0.6224582701062216
29100,r9_va_vl,0.12740580988791947
33120,r9_va_vl,0.9673390224980605
29101,r9_va_vl,0.1590792651687038
33123,r9_va_vl,0.7113010446343779
29102,r9_va_vl,0.1899609744374729
30411,r9_va_vl,0.9858435337945716
33127,r9_va_vl,1.0
30414,r9_va_vl,0.9657147162986963
30415,r9_va_vl,0.9618342085521381
30422,r9_va_vl,0.9846625766871165
30465,r9_va_vl,0.9636660739174316
30471,r9_va_vl,0.9801506221832103
31385,r9_va_vl,0.7895878363270479
31389,r9_va_vl,0.8184220472940559
31390,r9_va_vl,0.8047559064794617
31391,r9_va_vl,0.6420650127321439
31392,r9_va_vl,0.8258852847783271
31393,r9_va_vl,0.7977977789099173
31472,r9_va_vl,0.8164037019295634
32147,r9_va_vl,0.8611469201949805
32149,r9_va_vl,0.8877633607779273
32384,r9_va_vl,0.7815215325882292
32385,r9_va_vl,0.9010252980364235
32386,r9_va_vl,0.9112044544300087
32387,r9_va_vl,0.8485057514561096
33115,r9_va_vl,0.9355555555555555
33116,r9_va_vl,0.9541541333886526
33117,r9_va_vl,0.8254655938783548
33124,r9_va_vl,0.5705802554454938
33405,r9_va_vl,0.7069680535934011
33125,r9_va_vl,0.5519336467783591
41341,r9_va_vl,0.4997860735829784
41343,r9_va_vl,0.6882270590383576
41346,r9_va_vl,0.5617944357090139
41350,r9_va_vl,0.4829920310860373
41351,r9_va_vl,0.28443533615590183
33126,r9_va_vl,0.9360154667648684
33129,r9_va_vl,0.7750442328755581
33135,r9_va_vl,0.8036064439232574
33136,r9_va_vl,0.6442564520225241
33400,r9_va_vl,0.49972994163254636
33401,r9_va_vl,0.9934550230999185
33402,r9_va_vl,0.5283802305893736
33406,r9_va_vl,0.7247675962815404
35098,r9_va_vl,0.18989477327046406
35099,r9_va_vl,0.20881355932203388
35357,r9_va_vl,0.08959855461807585
35358,r9_va_vl,0.20678257683761156
35359,r9_va_vl,0.10873542466413008
35363,r9_va_vl,0.15010718630240752
36434,r9_va_vl,0.907327796477877
36435,r9_va_vl,0.7198919985257025
36436,r9_va_vl,0.9807438993555442
36438,r9_va_vl,0.9319123657805436
37069,r9_va_vl,0.3506564729750201
37070,r9_va_vl,0.37583376761828613
41434,r9_va_vl,0.7191047264798306
37071,r9_va_vl,0.5149977429447566
37073,r9_va_vl,0.6136815539920466
73213,r9_va_vl,0.12263973822551227
37074,r9_va_vl,0.8312037224357678
43417,r9_va_vl,0.516905726241357
43418,r9_va_vl,0.41549728651704815
43423,r9_va_vl,0.555824245185658
43424,r9_va_vl,0.3073402058101829
43425,r9_va_vl,0.296451699974484
39203,r9_va_vl,0.18464418532416618
39206,r9_va_vl,0.27712818687882873
39209,r9_va_vl,0.10587424140914148
39212,r9_va_vl,0.1179556762775463
39446,r9_va_vl,0.23425887885319158
39447,r9_va_vl,0.24922823704310493
39449,r9_va_vl,0.16840409932612718
39451,r9_va_vl,0.19654368614079062
39452,r9_va_vl,0.08500851705428536
40130,r9_va_vl,0.9457628321095385
40131,r9_va_vl,0.6910606762389996
47394,r9_va_vl,0.8080274623712702
40132,r9_va_vl,0.7060236239768662
40134,r9_va_vl,0.6135931558935361
40144,r9_va_vl,0.6455539508974624
47401,r9_va_vl,0.7193689283831614
40145,r9_va_vl,0.6689278950790017
40379,r9_va_vl,0.7418324735937116
40380,r9_va_vl,0.739787049109083
41065,r9_va_vl,0.35991258379847024
41068,r9_va_vl,0.3525765001987018
41075,r9_va_vl,0.5669856013998381
42191,r9_va_vl,0.9010069682708638
42193,r9_va_vl,0.46629199253519144
42425,r9_va_vl,0.47590251876248707
42445,r9_va_vl,0.5592405090242542
42465,r9_va_vl,0.28766842563655926
43172,r9_va_vl,0.3054219644887965
43177,r9_va_vl,0.4724622522142556
43427,r9_va_vl,0.529453825422144
44107,r9_va_vl,0.48642628708604213
44365,r9_va_vl,0.34053632788975874
44368,r9_va_vl,0.3400056495180255
45338,r9_va_vl,0.6058750485391321
45339,r9_va_vl,0.5690248965061401
45340,r9_va_vl,0.4870015160503593
66254,r9_va_vl,0.9326834651462202
66255,r9_va_vl,0.9631835359468196
66256,r9_va_vl,0.9297316495936588
45341,r9_va_vl,0.6593406593406593
45439,r9_va_vl,0.5054356319898976
47402,r9_va_vl,0.5730132333168212
47404,r9_va_vl,0.7873063965930038
50081,r9_va_vl,0.1605044755662462
50083,r9_va_vl,0.16050495155987943
52008,r9_va_vl,0.1337742980561555
68002,r9_va_vl,0.4908793158349634
52009,r9_va_vl,0.13479587048334116
52012,r9_va_vl,0.4257198316161151
52311,r9_va_vl,0.523682642440784
52312,r9_va_vl,0.4924100644624662
52314,r9_va_vl,0.43378609907746635
52318,r9_va_vl,0.4403700048861339
68302,r9_va_vl,0.19068076668869796
68304,r9_va_vl,0.2515851379912396
68307,r9_va_vl,0.35783525841328157
52321,r9_va_vl,0.44017699818497363
54307,r9_va_vl,0.3525544985495895
54308,r9_va_vl,0.4628110636908598
54313,r9_va_vl,0.3901110099031315
56363,r9_va_vl,0.15148408312660427
56364,r9_va_vl,0.17332607980392437
57003,r9_va_vl,0.3384244424540785
57004,r9_va_vl,0.6858096141321115
57306,r9_va_vl,0.5660574194625271
57307,r9_va_vl,0.4452286115466331
57308,r9_va_vl,0.902078070218409
57473,r9_va_vl,0.5054004248176484
58180,r9_va_vl,0.9418768108347504
58340,r9_va_vl,0.5665237767718613
58429,r9_va_vl,0.9438889853082107
59027,r9_va_vl,0.3515080648631137
60328,r9_va_vl,0.3637103704038714
61088,r9_va_vl,0.4693669413332744
61352,r9_va_vl,0.44127920241604773
61353,r9_va_vl,0.4468214184377997
61354,r9_va_vl,0.19862631936511427
61355,r9_va_vl,0.4336464297786473
62023,r9_va_vl,0.30420814014871933
62024,r9_va_vl,0.2783014004379022
62029,r9_va_vl,0.2510377983464961
62030,r9_va_vl,0.28871994495738473
69465,r9_va_vl,0.20257125940962528
70005,r9_va_vl,0.3597575304056598
70006,r9_va_vl,0.09425992722281028
70007,r9_va_vl,0.4217466101061045
70205,r9_va_vl,0.3903377626409579
62031,r9_va_vl,0.3213519026038193
62040,r9_va_vl,0.4467256857467366
62324,r9_va_vl,0.31798191774388096
62325,r9_va_vl,0.3549734353615908
62326,r9_va_vl,0.27299689933653476
63165,r9_va_vl,0.5343420545690168
63166,r9_va_vl,0.4187100038457914
63173,r9_va_vl,0.49912990615144953
63174,r9_va_vl,0.6109276740330735
63175,r9_va_vl,0.7302146150616508
63176,r9_va_vl,0.6464127802269498
63181,r9_va_vl,0.7505313744053216
71429,r9_va_vl,0.9694580592909109
71440,r9_va_vl,0.7965082097836835
71441,r9_va_vl,0.8971264925990188
71442,r9_va_vl,0.9725060451956274
63417,r9_va_vl,0.5340391635102327
63421,r9_va_vl,0.37939669196644216
64138,r9_va_vl,0.854354193456208
64139,r9_va_vl,0.8535635556623478
64143,r9_va_vl,0.8543186710365527
64386,r9_va_vl,0.7244765376550615
65381,r9_va_vl,0.7287947868725536
65383,r9_va_vl,0.8637483314296723
72090,r9_va_vl,0.333123437708703
72092,r9_va_vl,0.592620042055515
72093,r9_va_vl,0.5576196226501754
65386,r9_va_vl,0.6781478375464238
65387,r9_va_vl,0.6780083468583353
65389,r9_va_vl,0.8816820252864499
66257,r9_va_vl,0.8617534624302814
72345,r9_va_vl,0.40000492495598317
66470,r9_va_vl,0.9495663775850567
66472,r9_va_vl,0.9706353272703984
68450,r9_va_vl,0.22222100042884946
69194,r9_va_vl,0.3154358928068319
69195,r9_va_vl,0.4601629246969998
69196,r9_va_vl,0.4604749512036435
69199,r9_va_vl,0.2553458631044838
70307,r9_va_vl,0.16506354025233033
70309,r9_va_vl,0.4083992066662862
71183,r9_va_vl,0.9678833173590621
71184,r9_va_vl,0.898140036938899
71187,r9_va_vl,0.9711546231097772
71202,r9_va_vl,0.5604912527137283
72094,r9_va_vl,0.5197242271434213
72355,r9_va_vl,0.45187863735937
73453,r9_va_vl,0.2707162382137044
73220,r9_va_vl,0.19773791856043038
73230,r9_va_vl,0.09414729503756566
73454,r9_va_vl,0.09401187364100559
73455,r9_va_vl,0.12239163954086003
74456,r9_va_vl,0.07369984275813872
73456,r9_va_vl,0.23152821502065318
74208,r9_va_vl,0.1039264106679837
74210,r9_va_vl,0.08652050192420994
74211,r9_va_vl,0.08551633247828778
74214,r9_va_vl,0.049066337281116035
74225,r9_va_vl,0.07773486916572342
78055,r9_va_vl,0.2724710303789539
74228,r9_va_vl,0.06828420006624711
74454,r9_va_vl,0.11287350597609562
74455,r9_va_vl,0.09853868822192767
77045,r9_va_vl,0.41503759398496237
78342,r9_va_vl,0.24718752424548066
79109,r9_va_vl,0.6522085232860784
79349,r9_va_vl,0.5970903387519971
79366,r9_va_vl,0.7371869293376386
79367,r9_va_vl,0.6639797121716533
79368,r9_va_vl,0.8176258424759734
77056,r9_va_vl,0.37297889832830916
78330,r9_va_vl,0.7291666666666666
78332,r9_va_vl,0.7361887026691496
77059,r9_va_vl,0.1248503937007874
77060,r9_va_vl,0.43865749634980405
77335,r9_va_vl,0.3788991364624331
77337,r9_va_vl,0.5111095302459036
77338,r9_va_vl,0.8177339901477833
77339,r9_va_vl,0.9762000806776926
78053,r9_va_vl,0.7415806446862714
78054,r9_va_vl,0.5365735069396209
78333,r9_va_vl,
79370,r9_va_vl,0.5116370378449122
82398,r9_va_vl,0.7610154654216515
80037,r9_va_vl,0.3561927511883027
80327,r9_va_vl,0.2819544667461713
81151,r9_va_vl,0.7390546559966245
81152,r9_va_vl,0.7305117168818747
82154,r9_va_vl,0.6897635144612451
82384,r9_va_vl,0.6838495115360631
85370,r9_va_vl,0.6927832222657782
85371,r9_va_vl,0.7516494554561028
85373,r9_va_vl,0.6148287486843227
86182,r9_va_vl,0.9138871113084588
82385,r9_va_vl,0.6575928623452294
82396,r9_va_vl,0.8477139637852507
82397,r9_va_vl,0.8790763061464358
82399,r9_va_vl,0.8686830015313936
83247,r9_va_vl,0.5214307739747148
84462,r9_va_vl,1.0
84463,r9_va_vl,0.6237785016286644
84466,r9_va_vl,0.7448979591836735
85110,r9_va_vl,0.6510975584774358
85365,r9_va_vl,0.5510266316570734
85366,r9_va_vl,0.7144311142442675
85368,r9_va_vl,0.6272303855426289
85369,r9_va_vl,0.7247632176985656
86347,r9_va_vl,0.3769268555121517
86349,r9_va_vl,0.3802066472429049
86368,r9_va_vl,0.6648461861084265
88305,r9_va_vl,0.3027289774970391
88313,r9_va_vl,0.29645835069245957
88314,r9_va_vl,0.295789501009144
89317,r9_va_vl,0.9872719501005992
89322,r9_va_vl,0.2471333363670587
89338,r9_va_vl,0.6135375286319726
89340,r9_va_vl,0.567696863421036
89442,r9_va_vl,0.9025201973260885
89443,r9_va_vl,0.9015987903285465
90303,r9_va_vl,0.289225046569615
90307,r9_va_vl,0.5732681390083024
90448,r9_va_vl,0.4025041640342312
90450,r9_va_vl,0.22620751224251337
91333,r9_va_vl,0.4860132615002072
91337,r9_va_vl,0.9960612691466083
91339,r9_va_vl,0.5195816804904436
92333,r9_va_vl,0.5
93329,r9_va_vl,0.4666666666666666
93333,r9_va_vl,0.2777777777777778
94333,r9_va_vl,0.5
95329,r9_va_vl,0.7968160687658978
01195,r10_foret_surf,0.10116338134974721
01198,r10_foret_surf,0.20609074426209606
01201,r10_foret_surf,0.2151478005691568
01215,r10_foret_surf,0.5774183089777597
01446,r10_foret_surf,0.1629489870959811
01449,r10_foret_surf,0.6648578815915501
01451,r10_foret_surf,0.5421036446536625
02034,r10_foret_surf,0.07954204915589379
02317,r10_foret_surf,0.25592462903875113
02323,r10_foret_surf,0.16758134238830655
02328,r10_foret_surf,0.33713742558588916
02329,r10_foret_surf,0.3508218796610856
02336,r10_foret_surf,0.2569457102286139
03178,r10_foret_surf,0.19134554598470818
03425,r10_foret_surf,0.3485891741695124
03426,r10_foret_surf,0.16125792367426298
03428,r10_foret_surf,0.19410148268995905
03429,r10_foret_surf,0.18697417554711712
04233,r10_foret_surf,0.5390934914365495
04459,r10_foret_surf,0.602364898885453
04460,r10_foret_surf,0.5253903875138487
04462,r10_foret_surf,0.6125143184241975
05235,r10_foret_surf,0.30418029524613566
11472,r10_foret_surf,0.7481469857442212
15167,r10_foret_surf,0.1881671426089514
15409,r10_foret_surf,0.38993101751004844
05463,r10_foret_surf,0.7274520827785625
06245,r10_foret_surf,0.6841251485704742
06249,r10_foret_surf,0.3561235014074199
06250,r10_foret_surf,0.617458867849329
07171,r10_foret_surf,0.6389309618796817
07422,r10_foret_surf,0.5968608073797944
07425,r10_foret_surf,0.7257291342467239
07465,r10_foret_surf,0.5548016545066033
08021,r10_foret_surf,0.6823474467684458
08022,r10_foret_surf,0.27362365855121284
08315,r10_foret_surf,0.36655515269536104
08317,r10_foret_surf,0.0741586616675235
08323,r10_foret_surf,0.3273536529406756
09390,r10_foret_surf,0.1343694643804276
09392,r10_foret_surf,0.3614978108523723
09393,r10_foret_surf,0.6198332995914818
09472,r10_foret_surf,0.5263115944799082
10011,r10_foret_surf,0.3912791174975784
10013,r10_foret_surf,0.14108221887980432
13468,r10_foret_surf,0.3533511912864847
14085,r10_foret_surf,0.04086594215224599
14353,r10_foret_surf,0.15030485272401486
14354,r10_foret_surf,0.13618711822451665
14355,r10_foret_surf,0.08398064128682725
16112,r10_foret_surf,0.3630664563151601
16113,r10_foret_surf,0.22479780833317747
16367,r10_foret_surf,0.1988619393171779
16377,r10_foret_surf,0.1568231672708518
16432,r10_foret_surf,0.2629272992661365
16438,r10_foret_surf,0.20960216078403632
17111,r10_foret_surf,0.0614665170800361
17369,r10_foret_surf,0.027381647628940946
18439,r10_foret_surf,0.2646484608445084
19408,r10_foret_surf,0.36781209924320624
19409,r10_foret_surf,0.5286535430489497
19421,r10_foret_surf,0.46086326328581767
19430,r10_foret_surf,0.5727325265181662
19432,r10_foret_surf,0.3467860867871042
19433,r10_foret_surf,0.6022698468080077
21010,r10_foret_surf,0.608277675787641
22362,r10_foret_surf,0.21181351936640885
23428,r10_foret_surf,0.2015381633347656
23430,r10_foret_surf,0.602106360142337
26234,r10_foret_surf,0.7415846033396998
26240,r10_foret_surf,0.2928414947814011
26463,r10_foret_surf,0.6316318113400078
26464,r10_foret_surf,0.4890147714121497
27044,r10_foret_surf,0.1641431252546221
26242,r10_foret_surf,0.3272084287444567
26243,r10_foret_surf,0.6346819147223803
26453,r10_foret_surf,0.7195375481414943
27052,r10_foret_surf,0.17882918911486043
27077,r10_foret_surf,0.16361651230885677
27078,r10_foret_surf,0.16336269482152668
27079,r10_foret_surf,0.23252518320447504
27080,r10_foret_surf,0.24333420285590313
27352,r10_foret_surf,0.32359045045794504
27353,r10_foret_surf,0.1753964783363047
28076,r10_foret_surf,0.17386690306345803
28334,r10_foret_surf,0.1945004370946688
28341,r10_foret_surf,0.07720258368376401
28342,r10_foret_surf,0.06925144734962285
28351,r10_foret_surf,0.24641252510995082
27332,r10_foret_surf,0.39696467196687424
32388,r10_foret_surf,0.2200130214506455
33114,r10_foret_surf,0.16088770631554677
33121,r10_foret_surf,0.16914650435290288
33122,r10_foret_surf,0.26466161136978134
29103,r10_foret_surf,0.13056038148105148
29358,r10_foret_surf,0.08781949064649096
29360,r10_foret_surf,0.31823514191701413
29361,r10_foret_surf,0.14141310508123067
29362,r10_foret_surf,0.1804423897414806
29363,r10_foret_surf,0.18540890848107874
2A258,r10_foret_surf,0.5719022041910892
2A259,r10_foret_surf,0.6860312698723229
2A260,r10_foret_surf,0.6764841912963279
2B258,r10_foret_surf,0.38338902584121975
2B259,r10_foret_surf,0.4507929133367497
2B260,r10_foret_surf,0.5484140933118792
30410,r10_foret_surf,0.8082178223015477
33128,r10_foret_surf,0.223270729295021
30416,r10_foret_surf,0.4866840179456946
32383,r10_foret_surf,0.1696289699790429
33118,r10_foret_surf,0.16185172661263256
33119,r10_foret_surf,0.26828979425903937
27051,r10_foret_surf,0.1330682618185434
33137,r10_foret_surf,0.7334994707033022
33376,r10_foret_surf,0.5801971896828252
33378,r10_foret_surf,0.7543853063711553
34412,r10_foret_surf,0.7311424122666486
34414,r10_foret_surf,0.39897357755971435
34415,r10_foret_surf,0.5105114073042156
34416,r10_foret_surf,0.561860472635852
34470,r10_foret_surf,0.4487313313433734
34471,r10_foret_surf,0.11278175968958219
35097,r10_foret_surf,0.11314543010137092
41435,r10_foret_surf,0.3475621747826241
42168,r10_foret_surf,0.27971097909581444
42170,r10_foret_surf,0.5624692531910925
42189,r10_foret_surf,0.21041376479029905
42190,r10_foret_surf,0.12285804686822681
37344,r10_foret_surf,0.31486447706144827
37346,r10_foret_surf,0.3298517597857613
37348,r10_foret_surf,0.20371105344985038
37435,r10_foret_surf,0.28505183425030844
38199,r10_foret_surf,0.2937034920538547
38217,r10_foret_surf,0.49400909192167497
38453,r10_foret_surf,0.6769326285396192
38457,r10_foret_surf,0.4451609347423097
38465,r10_foret_surf,0.2663996062127855
39207,r10_foret_surf,0.4385956614340706
40133,r10_foret_surf,0.455062800777805
47398,r10_foret_surf,0.1370687225323595
47399,r10_foret_surf,0.26309161855651136
47400,r10_foret_surf,0.2076422253460955
40378,r10_foret_surf,0.7883404235780174
58185,r10_foret_surf,0.3475291753598419
58188,r10_foret_surf,0.34484917007996035
40382,r10_foret_surf,0.27696318575237067
40387,r10_foret_surf,0.2353752267222078
40388,r10_foret_surf,0.4616781222842594
64140,r10_foret_surf,0.4066928494285386
64141,r10_foret_surf,0.4014860965288205
64142,r10_foret_surf,0.4587959283098936
42192,r10_foret_surf,0.5529522646063147
44104,r10_foret_surf,0.1383889102522901
44105,r10_foret_surf,0.15536387261117884
44106,r10_foret_surf,0.06445467541433096
44108,r10_foret_surf,0.10669404161530764
44356,r10_foret_surf,0.10957548236028897
44363,r10_foret_surf,0.17593969463231138
44364,r10_foret_surf,0.13362788748905716
44373,r10_foret_surf,0.08774262174466864
45063,r10_foret_surf,0.5588688102919324
45067,r10_foret_surf,0.18350931540979398
45342,r10_foret_surf,0.06061577510943104
45343,r10_foret_surf,0.5862006826694671
46159,r10_foret_surf,0.5857213903352975
46160,r10_foret_surf,0.4982426031596836
46394,r10_foret_surf,0.5256256313070523
46396,r10_foret_surf,0.3070089274397976
46407,r10_foret_surf,0.5528667501878899
46408,r10_foret_surf,0.3549065019891605
46409,r10_foret_surf,0.4269136196121575
47156,r10_foret_surf,0.21907816941909525
47157,r10_foret_surf,0.3677601290759927
47378,r10_foret_surf,0.8351496948516374
27351,r10_foret_surf,0.21838590947721978
48410,r10_foret_surf,0.7580268688709108
48411,r10_foret_surf,0.4720208687897075
48418,r10_foret_surf,0.39222934285986566
48419,r10_foret_surf,0.16277165377526484
49344,r10_foret_surf,0.15987924546073914
49345,r10_foret_surf,0.32448246529592534
49347,r10_foret_surf,0.20580737444358566
49356,r10_foret_surf,0.11130863442405646
49373,r10_foret_surf,0.09217479873919546
50082,r10_foret_surf,0.1219538230645029
50084,r10_foret_surf,0.03545977317556231
50086,r10_foret_surf,0.0709206191905129
50087,r10_foret_surf,0.061349852197151764
50354,r10_foret_surf,0.09991138534691132
51016,r10_foret_surf,0.11013975065474862
51017,r10_foret_surf,0.35410816746849777
51018,r10_foret_surf,0.0886637905064881
51315,r10_foret_surf,0.5460536861449499
51317,r10_foret_surf,0.10075318162924839
51318,r10_foret_surf,0.23886508537213383
51321,r10_foret_surf,0.35893909401094837
51335,r10_foret_surf,0.30123982646228936
51336,r10_foret_surf,0.3228369938935016
68301,r10_foret_surf,0.2516113299167047
52310,r10_foret_surf,0.24409463143694216
68303,r10_foret_surf,0.29132027635409236
52322,r10_foret_surf,0.42458972520325755
53095,r10_foret_surf,0.11436490931141813
53096,r10_foret_surf,0.10464347251448622
53356,r10_foret_surf,0.06832863526740214
53357,r10_foret_surf,0.1146217205517519
54305,r10_foret_surf,0.4799760542942069
54306,r10_foret_surf,0.2981011302889061
54316,r10_foret_surf,0.2417438691812488
55308,r10_foret_surf,0.2984303992641325
55314,r10_foret_surf,0.4110526297008923
55315,r10_foret_surf,0.38912704130202613
55316,r10_foret_surf,0.33562611366870215
56359,r10_foret_surf,0.199695464130401
56362,r10_foret_surf,0.22289722047462646
58443,r10_foret_surf,0.46188061916992046
59025,r10_foret_surf,0.020320534418269257
59026,r10_foret_surf,0.052186289675244274
59028,r10_foret_surf,0.21059392858539688
59033,r10_foret_surf,0.13919952999542407
59323,r10_foret_surf,0.2321549251132066
59324,r10_foret_surf,0.09333574581903042
59325,r10_foret_surf,0.04288319712264511
59326,r10_foret_surf,0.043809347319635504
60041,r10_foret_surf,0.18413204969401378
60042,r10_foret_surf,0.3616160727656699
60043,r10_foret_surf,0.27266101687864014
60327,r10_foret_surf,0.11064574492770461
60329,r10_foret_surf,0.3342968556630234
60330,r10_foret_surf,0.20414873963388044
60331,r10_foret_surf,0.20301583034349865
61351,r10_foret_surf,0.21386294784276857
62032,r10_foret_surf,0.08479521013591436
62039,r10_foret_surf,0.1280242429999584
70448,r10_foret_surf,0.4820158338984837
71443,r10_foret_surf,0.5142073113570375
71444,r10_foret_surf,0.3011541169135612
71446,r10_foret_surf,0.22942091705670253
72089,r10_foret_surf,0.2687762829822469
63425,r10_foret_surf,0.6549092492624549
63426,r10_foret_surf,0.12184591309287242
63427,r10_foret_surf,0.21492436176419857
63428,r10_foret_surf,0.2632289673386351
64379,r10_foret_surf,0.35120589933054736
64380,r10_foret_surf,0.2482684144472754
64381,r10_foret_surf,0.20726230018418926
64382,r10_foret_surf,0.28102134676835894
65146,r10_foret_surf,0.38387233212575494
65148,r10_foret_surf,0.3335669587508518
65150,r10_foret_surf,0.23187007167739762
72091,r10_foret_surf,0.2532318817250578
66252,r10_foret_surf,0.24037080139731426
66253,r10_foret_surf,0.7992078569775515
72350,r10_foret_surf,0.28336164207834647
72351,r10_foret_surf,0.20391798305225736
72354,r10_foret_surf,0.1499078287622681
67301,r10_foret_surf,0.2697706991519047
67302,r10_foret_surf,0.2345274804677366
67304,r10_foret_surf,0.28963964441922413
67307,r10_foret_surf,0.7680868056903789
67473,r10_foret_surf,0.33444266547979185
68001,r10_foret_surf,0.33054242780614546
69200,r10_foret_surf,0.24183173771543426
69444,r10_foret_surf,0.28780749767174746
69445,r10_foret_surf,0.37796440146245164
73219,r10_foret_surf,0.5195906115698324
73229,r10_foret_surf,0.27327303974240463
73451,r10_foret_surf,0.42022335940494715
74458,r10_foret_surf,0.2664572482576205
76046,r10_foret_surf,0.10513841702888327
76047,r10_foret_surf,0.1744260017774845
76048,r10_foret_surf,0.2273786678425253
76049,r10_foret_surf,0.24425280432287383
76331,r10_foret_surf,0.1994913602168886
76332,r10_foret_surf,0.3834926885426998
73458,r10_foret_surf,0.2771018363458675
74218,r10_foret_surf,0.4853659678699361
74222,r10_foret_surf,0.39801239125021654
74223,r10_foret_surf,0.46358452278112144
74224,r10_foret_surf,0.5605401821929138
74226,r10_foret_surf,0.3979002617177815
74227,r10_foret_surf,0.5250263635873252
77057,r10_foret_surf,0.4079572492041394
77058,r10_foret_surf,0.11512676669558364
77061,r10_foret_surf,0.240311735825511
77062,r10_foret_surf,0.44644359843834264
77064,r10_foret_surf,0.5225926138953735
77320,r10_foret_surf,0.19370085031458253
77329,r10_foret_surf,0.10381214720128996
77336,r10_foret_surf,0.1743943095254893
78334,r10_foret_surf,0.13891155352545007
79371,r10_foret_surf,0.12118056788926396
79373,r10_foret_surf,0.08136724087923483
80035,r10_foret_surf,0.06419092208348343
80036,r10_foret_surf,0.14472966581843433
80038,r10_foret_surf,0.1092860940983784
81153,r10_foret_surf,0.16572882286432727
81391,r10_foret_surf,0.11050781291467066
81395,r10_foret_surf,0.5596182028015758
81409,r10_foret_surf,0.32157924182384057
81412,r10_foret_surf,0.5553676834168978
81413,r10_foret_surf,0.5840526930745374
83248,r10_foret_surf,0.6471933353769163
83460,r10_foret_surf,0.7736199994358577
83468,r10_foret_surf,0.6852402621380689
83469,r10_foret_surf,0.46894839476925343
84238,r10_foret_surf,0.6161732019417528
37072,r10_foret_surf,0.4979194985380091
82155,r10_foret_surf,0.2711026640406929
69197,r10_foret_surf,0.09595497110015651
82390,r10_foret_surf,0.20944579542324607
82391,r10_foret_surf,0.22692708845528256
82395,r10_foret_surf,0.4616954262872971
86372,r10_foret_surf,0.16422287365976246
86438,r10_foret_surf,0.2092899842660596
87430,r10_foret_surf,0.5796469821632062
87431,r10_foret_surf,0.18877339461480327
87432,r10_foret_surf,0.3474764010541239
70447,r10_foret_surf,0.3900046139347697
95332,r10_foret_surf,0.346028667748906
95333,r10_foret_surf,0.19148722209332664
84464,r10_foret_surf,0.28504744510890584
84467,r10_foret_surf,0.19026611150901826
86348,r10_foret_surf,0.21254350888928192
88306,r10_foret_surf,0.40434197723665766
88307,r10_foret_surf,0.691375876148426
88309,r10_foret_surf,0.47963625706271973
88310,r10_foret_surf,0.33126558253739047
89186,r10_foret_surf,0.3760419901127454
89319,r10_foret_surf,0.3270733697956749
89320,r10_foret_surf,0.24793586267250653
16375,r10_foret_surf,0.09987948639898853
17374,r10_foret_surf,0.08704804812041074
17375,r10_foret_surf,0.14597068235199498
17376,r10_foret_surf,0.5826635239949582
17377,r10_foret_surf,0.19322834338099132
18066,r10_foret_surf,0.27782756608951215
18179,r10_foret_surf,0.22994822987738886
18343,r10_foret_surf,0.6520866837591103
18434,r10_foret_surf,0.2081197829098461
18436,r10_foret_surf,0.15715450903683378
19394,r10_foret_surf,0.612857548876174
91055,r10_foret_surf,0.27087655898287966
91342,r10_foret_surf,0.15258196968951723
95330,r10_foret_surf,0.2212698980647541
01216,r10_foret_surf,0.2176961920394164
04466,r10_foret_surf,0.5596805113506429
05231,r10_foret_surf,0.29308963246332875
05457,r10_foret_surf,0.21936217599756616
05459,r10_foret_surf,0.6429183771355282
19403,r10_foret_surf,0.37347285753356924
05232,r10_foret_surf,0.42477705093655604
10317,r10_foret_surf,0.1000831504203921
10318,r10_foret_surf,0.38271754344369824
10319,r10_foret_surf,0.36995130074682414
05236,r10_foret_surf,0.27659225656899367
15164,r10_foret_surf,0.5485790277472266
15417,r10_foret_surf,0.2582577341453182
15418,r10_foret_surf,0.36119436117976234
05237,r10_foret_surf,0.3875874724537188
05239,r10_foret_surf,0.4491537428108289
05461,r10_foret_surf,0.7427319683521346
07169,r10_foret_surf,0.3742248810582658
07423,r10_foret_surf,0.4517131399262372
07424,r10_foret_surf,0.38120851530201044
10014,r10_foret_surf,0.19428490379668428
10015,r10_foret_surf,0.10206178123023318
10019,r10_foret_surf,0.29510921173822385
10020,r10_foret_surf,0.29898814597658646
10335,r10_foret_surf,0.16549281174172328
11391,r10_foret_surf,0.1751349135660681
11392,r10_foret_surf,0.33492473402444584
11413,r10_foret_surf,0.689423892735787
11470,r10_foret_surf,0.3317647715368675
11471,r10_foret_surf,0.12818680900052454
12161,r10_foret_surf,0.37708037861809696
12162,r10_foret_surf,0.17142101288793224
12397,r10_foret_surf,0.3171891156617978
12407,r10_foret_surf,0.42916035920868895
12409,r10_foret_surf,0.23493263935652603
12411,r10_foret_surf,0.3674408157141104
12412,r10_foret_surf,0.48823984784860197
12419,r10_foret_surf,0.2721415857222592
13244,r10_foret_surf,0.02790734638399028
13246,r10_foret_surf,0.16338401559166416
13466,r10_foret_surf,0.45750516999494834
13467,r10_foret_surf,0.3332621723733692
13469,r10_foret_surf,0.3126166618840397
15163,r10_foret_surf,0.18473305429724385
15419,r10_foret_surf,0.3299342619448328
15420,r10_foret_surf,0.28091374732678526
15421,r10_foret_surf,0.445164216017922
15433,r10_foret_surf,0.4847399124631538
19420,r10_foret_surf,0.4989327434915552
21204,r10_foret_surf,0.34605193879035573
21311,r10_foret_surf,0.5056340154429364
16371,r10_foret_surf,0.14138953144637095
16372,r10_foret_surf,0.21905558489910185
21312,r10_foret_surf,0.31820242778387725
18437,r10_foret_surf,0.1488525868304587
21322,r10_foret_surf,0.3773093020264469
21440,r10_foret_surf,0.26017387426250316
21441,r10_foret_surf,0.4788446626298052
21442,r10_foret_surf,0.2586213750755592
21443,r10_foret_surf,0.454297085162862
22358,r10_foret_surf,0.15168535384891874
22359,r10_foret_surf,0.18119897051877326
22360,r10_foret_surf,0.22642786130045026
22361,r10_foret_surf,0.312339760350642
23431,r10_foret_surf,0.311713087138938
23432,r10_foret_surf,0.5219940280952816
23437,r10_foret_surf,0.17127047305276719
24158,r10_foret_surf,0.38049321703358696
24394,r10_foret_surf,0.5792741766668534
24401,r10_foret_surf,0.3565563495297451
24403,r10_foret_surf,0.5374407972274869
24404,r10_foret_surf,0.5942204546833467
24405,r10_foret_surf,0.6191342816867058
24406,r10_foret_surf,0.5563090699790825
24432,r10_foret_surf,0.4364285774689815
25447,r10_foret_surf,0.4613374602465941
25449,r10_foret_surf,0.6001491583488473
25450,r10_foret_surf,0.469890994227344
25452,r10_foret_surf,0.4075729435727965
26221,r10_foret_surf,0.6504840688845499
26461,r10_foret_surf,0.5187868275253387
26241,r10_foret_surf,0.3537938111354744
27050,r10_foret_surf,0.37467315257125255
27330,r10_foret_surf,0.19601469786436693
29100,r10_foret_surf,0.10550412081126269
33120,r10_foret_surf,0.10637529239643514
29101,r10_foret_surf,0.3394287681995986
33123,r10_foret_surf,0.21281777387623646
29102,r10_foret_surf,0.25381213987384593
30411,r10_foret_surf,0.5282992512846827
33127,r10_foret_surf,0.10815234943226675
30414,r10_foret_surf,0.38580837027051884
30415,r10_foret_surf,0.43335532303725416
30422,r10_foret_surf,0.48301585237425493
30465,r10_foret_surf,0.2695246604178397
30471,r10_foret_surf,0.13808762211888215
31385,r10_foret_surf,0.1884427900776809
31389,r10_foret_surf,0.23647760038817248
31390,r10_foret_surf,0.09423300042385091
31391,r10_foret_surf,0.11554675901435423
31392,r10_foret_surf,0.2682799539256863
31393,r10_foret_surf,0.309470780154331
31472,r10_foret_surf,0.5763597316443199
32147,r10_foret_surf,0.12580306652679668
32149,r10_foret_surf,0.12032894218324847
32384,r10_foret_surf,0.09077340451744428
32385,r10_foret_surf,0.09327090507423329
32386,r10_foret_surf,0.10473067780270243
32387,r10_foret_surf,0.16495017921409783
33115,r10_foret_surf,0.17185890823961014
33116,r10_foret_surf,0.13023275231952977
33117,r10_foret_surf,0.23806219127443604
33124,r10_foret_surf,0.311747662258705
33405,r10_foret_surf,0.6168503632138705
33125,r10_foret_surf,0.2105623509969355
41341,r10_foret_surf,0.12362440064497597
41343,r10_foret_surf,0.6831561967074751
41346,r10_foret_surf,0.1926642486191913
41350,r10_foret_surf,0.20935576204837097
41351,r10_foret_surf,0.14621615647066857
33126,r10_foret_surf,0.10100895742736178
33129,r10_foret_surf,0.40248308585207965
33135,r10_foret_surf,0.8227836288113154
33136,r10_foret_surf,0.5442270552703277
33400,r10_foret_surf,0.17475396540305194
33401,r10_foret_surf,0.2002830631824513
33402,r10_foret_surf,0.23054997506508604
33406,r10_foret_surf,0.4377234843670184
35098,r10_foret_surf,0.09862184318532818
35099,r10_foret_surf,0.035592352240714074
35357,r10_foret_surf,0.08854426123677782
35358,r10_foret_surf,0.12339421732633096
35359,r10_foret_surf,0.15053505036575035
35363,r10_foret_surf,0.1922251331034358
36434,r10_foret_surf,0.12917619706639527
36435,r10_foret_surf,0.22021144669244339
36436,r10_foret_surf,0.18050729618451125
36438,r10_foret_surf,0.3304347907516258
37069,r10_foret_surf,0.26478539491558645
37070,r10_foret_surf,0.20449662450062134
41434,r10_foret_surf,0.2163306325791585
37071,r10_foret_surf,0.2489643920687643
37073,r10_foret_surf,0.23242440717806379
73213,r10_foret_surf,0.6014138509030962
37074,r10_foret_surf,0.2999930984099021
43417,r10_foret_surf,0.566317349906482
43418,r10_foret_surf,0.4976751276403601
43423,r10_foret_surf,0.30277450506552295
43424,r10_foret_surf,0.2578902801143932
43425,r10_foret_surf,0.49679157970567517
39203,r10_foret_surf,0.5952919501439816
39206,r10_foret_surf,0.15398008909895167
39209,r10_foret_surf,0.4469374669755557
39212,r10_foret_surf,0.4967175933266093
39446,r10_foret_surf,0.34938230670554127
39447,r10_foret_surf,0.46401228929896765
39449,r10_foret_surf,0.6873453984319117
39451,r10_foret_surf,0.5172284245663106
39452,r10_foret_surf,0.5877973630938421
40130,r10_foret_surf,0.7829574198825621
40131,r10_foret_surf,0.8339665887389827
47394,r10_foret_surf,0.36554697155799704
40132,r10_foret_surf,0.5902898573160353
40134,r10_foret_surf,0.8455212330668882
40144,r10_foret_surf,0.47479217510374205
47401,r10_foret_surf,0.180284272037502
40145,r10_foret_surf,0.48034052143382794
40379,r10_foret_surf,0.35441441144685476
40380,r10_foret_surf,0.3269079776803339
41065,r10_foret_surf,0.33933333747515626
41068,r10_foret_surf,0.3526281471611296
41075,r10_foret_surf,0.176364275992908
42191,r10_foret_surf,0.2981272048830444
42193,r10_foret_surf,0.16527529451442244
42425,r10_foret_surf,0.48680203577197423
42445,r10_foret_surf,0.22905203876850536
42465,r10_foret_surf,0.27893188141831216
43172,r10_foret_surf,0.31961162746657423
43177,r10_foret_surf,0.41894133870147304
43427,r10_foret_surf,0.1789970560681553
44107,r10_foret_surf,0.12662712207286245
44365,r10_foret_surf,0.10281906820679343
44368,r10_foret_surf,0.11427538376938216
45338,r10_foret_surf,0.23028415670126
45339,r10_foret_surf,0.06380442104617252
45340,r10_foret_surf,0.35670132576577257
66254,r10_foret_surf,0.21346066569780336
66255,r10_foret_surf,0.6269662151878846
66256,r10_foret_surf,0.2908669239547495
45341,r10_foret_surf,0.08216152626606676
45439,r10_foret_surf,0.24664126439285247
47402,r10_foret_surf,0.263593044999169
47404,r10_foret_surf,0.654250351053247
50081,r10_foret_surf,0.08127942798351896
50083,r10_foret_surf,0.13565028708118407
52008,r10_foret_surf,0.4960610016736743
68002,r10_foret_surf,0.3245972699448544
52009,r10_foret_surf,0.45481585165261834
52012,r10_foret_surf,0.45673065005836827
52311,r10_foret_surf,0.4525690942543266
52312,r10_foret_surf,0.3200798164263441
52314,r10_foret_surf,0.4632478570990462
52318,r10_foret_surf,0.32536973903796207
68302,r10_foret_surf,0.1573508178486496
68304,r10_foret_surf,0.5166927795607452
68307,r10_foret_surf,0.7252122561135195
52321,r10_foret_surf,0.4132771616725216
54307,r10_foret_surf,0.739827119175578
54308,r10_foret_surf,0.2564664306551029
54313,r10_foret_surf,0.532280005302633
56363,r10_foret_surf,0.26413370716211
56364,r10_foret_surf,0.1789606395062483
57003,r10_foret_surf,0.46453606099692657
57004,r10_foret_surf,0.18905893239045898
57306,r10_foret_surf,0.22305120962157604
57307,r10_foret_surf,0.747684505524235
57308,r10_foret_surf,0.41451914737594714
57473,r10_foret_surf,0.252473143892301
58180,r10_foret_surf,0.2360569500643685
58340,r10_foret_surf,0.34639547042757474
58429,r10_foret_surf,0.3130205140123027
59027,r10_foret_surf,0.07249599562070834
60328,r10_foret_surf,0.5883518560345237
61088,r10_foret_surf,0.08152803729765881
61352,r10_foret_surf,0.2219595057901085
61353,r10_foret_surf,0.16492596438081505
61354,r10_foret_surf,0.18466887766322448
61355,r10_foret_surf,0.1376935543488921
62023,r10_foret_surf,0.0955124073171314
62024,r10_foret_surf,0.12342011908337508
62029,r10_foret_surf,0.19779990775411035
62030,r10_foret_surf,0.12916143550215717
69465,r10_foret_surf,0.1252704980650467
70005,r10_foret_surf,0.4857148454990024
70006,r10_foret_surf,0.6956392223100417
70007,r10_foret_surf,0.40473923653842697
70205,r10_foret_surf,0.4087736348107429
62031,r10_foret_surf,0.10279304320080639
62040,r10_foret_surf,0.18392334106597802
62324,r10_foret_surf,0.022196991997508752
62325,r10_foret_surf,0.04382199917145916
62326,r10_foret_surf,0.057737009051783555
63165,r10_foret_surf,0.44844298347202616
63166,r10_foret_surf,0.32189347259770085
63173,r10_foret_surf,0.5225965859996212
63174,r10_foret_surf,0.5379167922788516
63175,r10_foret_surf,0.44803976065859585
63176,r10_foret_surf,0.24165812808628997
63181,r10_foret_surf,0.3638821645724073
71429,r10_foret_surf,0.17724955321203878
71440,r10_foret_surf,0.26632398776987243
71441,r10_foret_surf,0.27265649340394954
71442,r10_foret_surf,0.2716242564797387
63417,r10_foret_surf,0.15670882564466404
63421,r10_foret_surf,0.42529654091251656
64138,r10_foret_surf,0.2616695461723298
64139,r10_foret_surf,0.3322011151185463
64143,r10_foret_surf,0.31027255256866687
64386,r10_foret_surf,0.23408778201678698
65381,r10_foret_surf,0.221956270786334
65383,r10_foret_surf,0.22020645758489202
72090,r10_foret_surf,0.21316589358914115
72092,r10_foret_surf,0.10143798024655203
72093,r10_foret_surf,0.16040711974628571
65386,r10_foret_surf,0.2550837849329994
65387,r10_foret_surf,0.15467268608906326
65389,r10_foret_surf,0.2941712223959827
66257,r10_foret_surf,0.5056003273021781
72345,r10_foret_surf,0.30708697505929583
66470,r10_foret_surf,0.26953040682646145
66472,r10_foret_surf,0.6563147445513737
68450,r10_foret_surf,0.48055359989674196
69194,r10_foret_surf,0.27683064977864624
69195,r10_foret_surf,0.09685529070053149
69196,r10_foret_surf,0.05687821726691049
69199,r10_foret_surf,0.08551228423964846
70307,r10_foret_surf,0.7513867336693463
70309,r10_foret_surf,0.542989431577439
71183,r10_foret_surf,0.1291896162317407
71184,r10_foret_surf,0.28671509744489837
71187,r10_foret_surf,0.21435877502821934
71202,r10_foret_surf,0.23475530564641017
72094,r10_foret_surf,0.03555265600452728
72355,r10_foret_surf,0.15120872064205848
73453,r10_foret_surf,0.644101309231875
73220,r10_foret_surf,0.4173331905730371
73230,r10_foret_surf,0.4009662678887029
73454,r10_foret_surf,0.5580721305978504
73455,r10_foret_surf,0.40653437184167385
74456,r10_foret_surf,0.6743832063634735
73456,r10_foret_surf,0.6325531702746403
74208,r10_foret_surf,0.3116487720941256
74210,r10_foret_surf,0.5207740406871264
74211,r10_foret_surf,0.35113147354436464
74214,r10_foret_surf,0.33613946618588114
74225,r10_foret_surf,0.40183923694623197
78055,r10_foret_surf,0.3310493473071367
74228,r10_foret_surf,0.4376690298925505
74454,r10_foret_surf,0.3747623026937996
74455,r10_foret_surf,0.33429284525501424
77045,r10_foret_surf,0.19345710816818415
78342,r10_foret_surf,0.07515675637434702
79109,r10_foret_surf,0.11365533285380659
79349,r10_foret_surf,0.13354781422836612
79366,r10_foret_surf,0.1112372250557595
79367,r10_foret_surf,0.10755335237452911
79368,r10_foret_surf,0.12169222222240351
77056,r10_foret_surf,0.21474232884625488
78330,r10_foret_surf,0.30049066591879176
78332,r10_foret_surf,0.3049847495248687
77059,r10_foret_surf,0.2995754268513108
77060,r10_foret_surf,0.1409333842844423
77335,r10_foret_surf,0.14309312501841806
77337,r10_foret_surf,0.14879079126716235
77338,r10_foret_surf,0.21863701770427268
77339,r10_foret_surf,0.1293547931609057
78053,r10_foret_surf,0.20706938207500486
78054,r10_foret_surf,0.4961859794438859
78333,r10_foret_surf,0.30229886962020547
79370,r10_foret_surf,0.12088776307151151
82398,r10_foret_surf,0.19524104977931264
80037,r10_foret_surf,0.13996533042351758
80327,r10_foret_surf,0.13121383037644924
81151,r10_foret_surf,0.22754291993550343
81152,r10_foret_surf,0.2270394262792271
82154,r10_foret_surf,0.31510928431243673
82384,r10_foret_surf,0.16314280350745813
85370,r10_foret_surf,0.0650372614944747
85371,r10_foret_surf,0.0623191790804783
85373,r10_foret_surf,0.061543820518739786
86182,r10_foret_surf,0.12472571457963819
82385,r10_foret_surf,0.20081162497265936
82396,r10_foret_surf,0.27825102265757984
82397,r10_foret_surf,0.34346166590318145
82399,r10_foret_surf,0.25678445142974865
83247,r10_foret_surf,0.7467952091469479
84462,r10_foret_surf,0.615773098460487
84463,r10_foret_surf,0.7393575194450278
84466,r10_foret_surf,0.43618835314005955
85110,r10_foret_surf,0.11233401003598485
85365,r10_foret_surf,0.08586051751333698
85366,r10_foret_surf,0.1743601184494718
85368,r10_foret_surf,0.10102555285448263
85369,r10_foret_surf,0.026819024820601008
86347,r10_foret_surf,0.28096245753413546
86349,r10_foret_surf,0.08055274366439909
86368,r10_foret_surf,0.1935807995717431
88305,r10_foret_surf,0.3515814336314378
88313,r10_foret_surf,0.42745644677832767
88314,r10_foret_surf,0.5822614308625641
89317,r10_foret_surf,0.2238531215089262
89322,r10_foret_surf,0.34393973807465555
89338,r10_foret_surf,0.2615306665757823
89340,r10_foret_surf,0.33068702072586553
89442,r10_foret_surf,0.21430020063038782
89443,r10_foret_surf,0.43967941092787766
90303,r10_foret_surf,0.35418044314174807
90307,r10_foret_surf,0.6864455014716441
90448,r10_foret_surf,0.3808475374734549
90450,r10_foret_surf,0.42655730834933725
91333,r10_foret_surf,0.16626065322329342
91337,r10_foret_surf,0.2565530890247711
91339,r10_foret_surf,0.32278836811620226
92333,r10_foret_surf,0.08711870652879304
93329,r10_foret_surf,0.02728305447964129
93333,r10_foret_surf,0.04670528964989443
94333,r10_foret_surf,0.11500879557178945
95329,r10_foret_surf,0.25360263748599954
